8.935802030668343,6.997329967214805,,0.6628514005447861,4.174222574676376,7.511886790034489,7.884764106015601,9.51146975468474,9.75687518219589,1.0063727515690035,,1.611584011207149,5.0453531204042825,2.6504206454953696,7.195203669025948,1.2790577663504021,5.625163793606055,5.9741128706942925,,0.730513473748603,5.408810186711115,,9.874786338821915,3.7882736939154427,,4.54721072452145,4.596989594683652,8.437191497445061,0.8357780223479805,3.667078232046909,3.4212323117023127,4.935420271732549,6.517879735495544,,2.7826943620263522,5.661383255379615,1.795643148752687,4.1455631151090655,,7.508523378922504,9.954888956988466,8.014922527399534,7.247494927064794,1.900897894629232,,7.859070758432902,4.106024498237641,3.437546984914006,1.2032882352179064,,2
0.017166684802972787,0.4185689904263934,,3.61810155985021,2.6715293890187573,5.395125912882239,,2.263952035326663,8.252090181202844,5.982927502682006,4.374096210790276,6.985984128445365,,1.6971480384063664,5.662318414410146,3.3952326798275756,0.08282434221819068,,3.971755507632182,5.6391158062923585,3.542498092151126,4.604298377169953,3.2930621599443,7.891118951373106,7.224910306814914,6.526417397798916,7.592316113665691,9.287778986065394,0.19514827741044072,4.672798435413751,7.437054272646268,4.567488693179746,1.0971377944236593,9.67208670648098,6.17293506369179,1.261806062466424,6.684027563572324,5.794720599949457,,4.565435804254091,6.667645399832358,4.83393492506546,9.190496268032337,2.224192669710008,,4.6700039203787185,2.9136400906219584,,5.046787832493456,,4
3.8513770171732267,2.0894480889620706,5.755044430098791,9.88338948521508,2.026894637155625,9.818603034993844,,0.2145875020258181,2.36852135371578,4.650965500382447,6.309632674951244,4.927830395730549,0.35662127609433103,4.45726026966081,9.946197376511401,0.03520292552323112,5.806319366233707,,,4.63672717801752,8.634729997862426,3.9722122306060967,0.9714664705701093,7.5425814237300495,,9.197963242320547,3.153648977080352,4.463209376190976,4.698022322961445,8.916104366482378,3.363751111638412,2.353080592848733,,,8.822380292745411,5.313228041929083,3.2984209804160547,8.72867288318253,6.515974545363995,2.8472029889151482,5.270458005590704,2.382834670396626,3.0780805162822276,1.8924509435269832,,5.766091880032164,0.6695444892071689,,9.726987988604206,,7
6.083366969371719,5.025004507171844,0.8453171292712369,7.638012870484124,0.9180468559456734,7.539445252490039,6.73925652783152,2.0306534490071115,4.228535302995872,6.325072889320648,1.171987512745607,3.9018586595451445,,6.791000552782769,,6.511450924521086,8.91875155764749,,6.305676720857996,2.113510926331302,1.140030176954917,,1.225262940565508,5.9937846897335,,3.876084000030653,6.151698847634237,1.9860745627487109,3.4640820423540353,7.263939076994589,9.800012420326697,8.63570458711399,,,6.279746355015013,4.123234041618693,9.514667839594352,1.2650117950722162,4.887866428241678,6.9894280476200095,8.680943528298169,5.4424032467305485,4.912196003092063,5.24968821584594,,1.500905303606841,1.2518687583961274,1.954766027107362,1.5150252516362739,,3
3.593339355362888,3.7853826569256945,7.009471119106586,2.3370158571667488,2.7285700484830278,4.226265931186283,6.606308003382571,0.19731535343024076,6.1296472152669255,6.296055774342658,,2.7178750624515766,,5.768580288773055,5.136810436100424,0.35701663863921707,4.495432033922193,,9.218833960878008,0.9153237249634316,6.109158894023019,6.843523398131868,5.271446494454057,3.48379499355398,,8.88995373528277,1.0983884849647318,6.3675666297799,,7.5375826998179125,4.898776373167086,4.496913369213697,6.457905491527144,,8.211222809380917,2.1537026429048223,4.468154866899551,0.8127608316770996,,9.896995550203885,1.0389552537746871,7.751390447689323,3.6796832599848006,5.393574482130696,9.31022338463055,1.356347968008017,8.92771785568901,,1.1784640525637202,4.72818227465728,1
2.4835989055099827,5.430604604425961,2.420951899878344,3.005822124731794,4.9752219901391666,4.409312890215459,8.864040283260394,0.7443764042719403,8.041927121539963,2.0189891856034468,7.288862445751184,2.0997794136049297,9.65537439972002,3.2145648884765587,2.246673818809952,1.3676244831265605,6.369646358780342,,,2.1171757542016523,8.140973194444696,1.2465421542469701,4.345891767538235,3.7795154573933254,,1.2924023546875707,8.959731733512003,7.313910962266107,6.730225297507008,5.8798810536162005,5.4732344048854875,9.006693152234352,,9.679102146446075,9.324097203571949,1.1865586053537713,3.6772947068152675,5.656684483545799,4.326158308940203,8.321766366553092,7.574401459738807,7.84642563380015,7.124635073574427,1.1055982829894617,2.216000130854645,4.719005339102559,6.39680469316642,1.952330393628039,9.162690366524028,0.22811339128934738,3
6.937025334202471,2.785807543681279,2.909144385974339,6.132200241133075,6.088418931983109,7.82114620508069,8.94706905409125,8.311193046668144,4.269006102382255,,1.8703758562148676,6.545840132576971,,4.345099632677252,,5.037122237856899,,,5.143038893174507,8.061975074542126,7.47681644083971,,5.693939586566255,5.18786839516383,,6.371861457217496,4.827578417477573,7.025187453517208,,4.048711285275748,6.208176941231466,7.321924470882186,,,9.311719740255178,3.056122538756867,3.7491256778360196,7.763981974441884,5.247822978905333,6.106373413746178,8.83211165139491,9.459978463476604,8.12330295501061,1.0795122147001235,5.323650019611938,3.359370543543675,3.127520650934289,4.184652342973817,5.796397247461544,,6
4.933801523356163,2.8959859072501626,4.355458502375932,8.92461402734921,9.639416583032109,2.716279054396167,,7.866037062081352,8.345921407672922,9.33698516653655,,8.609881024756083,,4.765286951063948,1.1127288715740558,1.1823544772555683,1.067264415884911,,,7.549818333995298,3.0998110972141015,3.1579653367495975,1.2185335414107057,6.956664470761221,5.348102267112889,2.031724978385622,1.451505492583265,6.3682669714789855,4.426674213306812,6.7683789272626225,1.8373114048675976,7.5487065562092495,,3.909774035493249,4.8674756258583285,7.922495814066237,8.253091833156745,4.187044575872665,,2.5289418333203963,7.421921542447441,7.81261960050856,4.841153864214871,4.704943649792307,2.2611013403782545,5.334379017501666,3.442384854994706,4.013831431175437,9.477962570728558,0.8661131318173365,0
7.137858029266163,1.7585844487636104,0.3775758187687672,3.185352420756585,3.277540599209068,3.7272522002326425,6.83760524588362,0.7314754547339775,7.089416898649251,,,7.33513250978529,,3.5272573164312004,4.052919375724616,2.7706336034750345,5.770681618341763,4.512685702745261,6.392571981057252,7.910510175027433,3.4896298383960533,,5.058497576692326,5.810634029030953,,7.112776495201403,3.8527104649201185,4.00888433059939,6.457806270347337,2.891096261472038,9.636351995990744,2.299867431721129,7.8641289617261165,6.159632422851572,9.740547663280697,4.543885929323352,3.326349488733581,4.09068079628436,,3.8663653619805505,6.42060096021226,6.914405356869934,0.769102714587041,7.50967462082815,,8.95202472919171,8.465631683551056,,8.797274707785038,4.682556092419681,9
0.5885233488224029,4.308802521360635,4.984289043032866,8.030568844219971,9.751708977576378,6.3750345939409625,,8.795956092936771,5.437177447897562,,5.3374027138254165,3.956904254820004,7.3510462057954555,3.7043494938893398,3.603881033670885,0.8229051990063285,,,3.8386369036350407,8.258961693941005,0.6819287774470928,,3.113701129075924,2.294474537831961,,3.966483717196012,3.450356381940548,7.483102744225997,5.062827837639118,3.246523584683664,0.7840571567830368,4.637672219471073,,,2.2799321611294667,4.959433581562709,4.030789129740353,0.4123297934855408,,3.0566116688058145,0.017754867285478815,9.514001284859411,0.7396263565047922,5.8479834464156,2.151681119701001,6.015346086970423,4.512352090194907,,4.891174958902358,3.9731433107949554,7
2.550252206435706,2.2750024656897825,7.311338673434619,4.683000574593644,4.795719082087441,8.142992660220155,,5.23482008320999,1.223296042493659,,,3.5060058851646305,,8.44624615230581,,4.9735076474204245,,9.47086202077421,,5.716740368527299,1.4826163013741511,,1.2151961876223738,6.824892146479987,,3.6334214516459165,8.204730986810242,5.780526926504117,,0.8449148569813103,7.339253690287965,7.001202919503836,2.2857858010786005,,0.7096450273510901,0.3399870655448822,2.252664762466826,3.582305930395522,,5.661404256546945,4.621547050641672,9.511317083103568,1.5861694677615346,6.747054091970028,,4.409280770892627,0.7516954558923383,,1.168223222208803,,0
5.013884871480539,5.402664790795788,1.400304458140279,5.994479360081505,3.43733583944424,5.687403142248372,,6.565755460403456,1.4260785480418214,9.937501291398474,,3.353933049478247,2.4744376615635733,3.462427113956148,,6.885229268357714,,0.2474066762076077,2.3375449676638826,1.8792563432426401,0.6261664791237298,5.5522244889373304,5.211696533125948,4.877386481330936,,4.135867975040637,2.246592496276003,7.425195722351697,1.2939569565119347,4.93055333562895,3.9233897997522904,8.097657291316434,,0.38779181576852784,7.371104527780748,5.297972056181363,8.978336027650656,4.370462383214951,,0.2580085758160866,7.266863821874503,8.107173474032939,0.6521724424326825,4.460135192824558,,8.83097176699582,8.398192351005898,6.34551580433085,1.5201304666962734,,10
1.347117182125318,6.478131545151519,1.7959273450959645,4.926844754320786,0.9867336466539756,9.75428980000589,5.315369968613567,8.815106000768177,5.355768579416209,2.285196105895447,,2.2779469409548403,0.7141518499884614,5.93916332892498,5.0721406054102935,5.179439824666091,,,,4.402796973687455,6.3976015610927135,7.599973247413566,7.264797718022758,7.901713253576307,5.251932146328329,1.726592737389614,1.144066268337952,5.230563395038783,1.6623767350935759,9.418892139020773,0.3719797971777927,7.143554384277361,,,7.302572290713019,3.361929709660001,6.762420759128545,2.5875983596591134,1.05391832830539,9.026363552140559,0.15268574681033265,0.3494896522777058,2.2495739504499648,9.767935342597623,,8.958777243925203,7.501265348312597,,8.045748741943079,,9
2.361874280550482,5.567362284505542,7.681927359517501,7.744327877028629,6.273725621427388,3.9487045976345305,9.756383808649039,9.150694721252103,5.636712403488689,,6.096637261618122,6.826478271703471,3.4630787634072635,5.618308702494902,8.668729030689462,8.78902035942793,6.526909611961974,,,6.12328275389673,6.322088683790742,5.92887503788062,6.4713597224399635,5.552046421172296,,9.226890950857893,6.1518564722065285,2.7874812869327146,0.5570542296912062,6.422903493162098,2.5443604469115275,6.028105305207819,8.92701845044468,,9.295388728428422,4.099296088086155,2.117226645854513,4.757947778499663,,6.252117435458141,4.302949138952342,0.6617296389537808,5.306682981808427,6.34231264579486,,1.179522875980994,1.812401259051647,,1.1117108090911965,,3
2.7460620361140373,3.4197417035462943,7.450970332502606,0.14334317941200214,1.3814475494074452,2.9547220949146604,8.122986273004047,6.35506356721465,7.747026817719112,9.800320249774558,9.927015322605119,5.7604837861133955,1.570109487891188,4.431127109545143,,6.314627031906392,9.381315937234412,3.384868599820031,,7.899959055017996,8.73189786365222,,4.54273851798216,6.9594547131119775,,9.37455077344508,0.33537360805604655,6.917436527644894,0.16088464789830614,3.9599982460441794,6.222676366640753,7.583797819711804,4.409437329869309,8.270174888284227,3.3820700403159942,5.75942798848175,0.4746784276030036,3.4782937807160197,,4.72064355884295,2.9194083362929693,1.6059098762987989,0.8014335128292271,4.033642056461263,1.457009100142579,3.943322080349816,5.928495626610695,8.353971940006037,1.7534989193404582,9.597214172420212,2
8.536738163673995,3.8260996877072584,2.6414278627083663,3.3711899265300724,5.419346145511335,5.6801755133469225,,2.453006874074944,3.060028244533861,,5.466497382689083,6.097217961316551,,4.54017921812262,3.12467300255482,3.979867387806414,9.100273346163988,7.433444876725637,,5.8043067680874145,7.822119598411765,1.8713911799647098,8.64947050705794,0.18375722272467976,,4.295692415082328,6.342379844178553,2.5392568352073077,5.160170862332754,6.727581960552574,7.838063045239645,7.808776320368733,,,2.166786061035033,0.2873271311149994,9.629346774783556,6.021102975045523,,9.450214649113146,1.9990577312596447,9.728048852042141,1.3162334690536936,4.85825331957071,,2.4566323396619536,3.5508716809829455,4.44900756016901,5.674547219265795,,9
8.414029623160367,0.6187090339558643,0.9056790896597977,8.328833612041082,6.727374515042307,3.5782072998985948,6.186721706170264,3.4681092409815397,9.18427248246216,2.468697475504049,7.107082700881669,0.3631929343311957,7.895277116083056,1.7122805473062286,0.021611531772445236,4.581838612826985,8.804469266688216,2.133832705577036,8.896351892639787,5.702617571340519,2.124010149922965,6.303524611161601,9.252348399406559,1.9776482634681802,2.06846206297835,9.005332069940863,0.06717432918110555,2.4245771374264438,,7.461694953733289,7.5156925708007964,6.318470749773643,4.543415167369272,,3.4192330841418075,4.94662300704062,1.8627998565638604,5.789544530827891,8.734234941478721,8.88441598355374,3.817668456637956,1.1436343005399408,6.416307783529658,3.6289786120110867,,4.980457383545973,9.988344052728223,1.3873121325760884,0.851108222940099,4.22899646695967,4
8.531542065581903,1.7047373061227045,,9.811012496404764,2.7346553731011314,2.3695486406421873,4.0373557857369615,9.814284710027486,3.728427469514691,,,9.153493456718362,,0.7302508278660014,,8.045175745192262,0.1866573781848191,,,6.315762535722168,4.42815493198845,6.171611153277389,0.5341313841757456,8.879651310305682,,6.479030648431196,6.390846835764109,9.526733405495998,,4.683681130115275,7.1494874139487505,2.9663257731790296,,9.642790161241578,5.127425108611261,5.2380450670135215,2.570941845445893,2.08547424979984,7.516082699818176,8.146148943212705,1.8976018987892884,1.6564793218366924,2.8798991764569557,8.050162590244874,8.36857009799209,7.727699204788266,4.102102656148391,4.095123579957788,8.440317701969763,0.8622530986751142,8
6.464687995283328,5.661195602466896,,3.1304999096427455,7.409537061355599,8.15619794448183,6.1916520170151825,9.742507205227723,6.314954207600989,6.847441506212249,2.2448535402644945,4.452981254886655,,4.991785008357162,,3.28506569504867,5.383924044299777,9.27333891224982,,8.367019346176164,0.8907536451787779,2.496173662030401,2.8696092867419134,7.6039553602566246,3.294724361513781,2.1343674547325464,1.8056772705922264,8.238690277209411,,6.169819492407708,5.873255972126215,8.859540987237462,2.8440633565926987,,9.515299060349584,8.100721800289932,2.4475097554164895,4.98811467213459,7.024777926281944,4.305440440354149,2.141441585580386,0.8993295524760891,1.2354913804575118,3.505249296460342,1.7994778787320753,2.1074784228143484,6.1111617449206665,3.1283150268174342,7.534731962160791,8.635715584470645,1
5.530689751196224,7.558347625353937,,2.7151317117947924,5.734217691912711,6.833154312033278,,0.9296685777464753,8.644170549306272,,,2.761486326760009,9.305426343723967,3.861011510332202,,2.433716038921042,0.7921483002239638,8.027540388031875,2.7004233436333935,4.762767840776121,1.3488553747557808,4.8352624023095,0.6061945932575219,1.061729549985685,1.1320989645515644,5.568498636699159,4.4934229145471125,3.627716060959897,,6.102537330594312,2.85366453825176,5.031652780992957,,,7.2711118321637915,9.129235732576985,5.055922046937908,2.193478323881579,1.8412765169456313,7.807037666741856,8.184483698482948,6.066272116900176,6.0028164756812,8.147444299210697,3.694921081616908,4.085483421700368,3.2014381571440076,2.0527106015919525,4.680199245086948,2.2619211852211354,0
3.228090980954196,5.945171352878647,,5.6162413546795795,8.262497194987471,1.4906618894922197,0.8241188574753133,7.627287117626668,9.538732385346592,,,1.888189930525218,,6.231572260447022,,5.060439579954512,1.145938521489559,0.08813924739412893,9.181814117765473,8.530989721621232,8.30212418135415,,0.15159215356501554,8.008632325232925,2.516307323403235,4.345915022770663,4.220970283148264,4.105317686354426,1.1790289997726444,6.853565695670709,6.803916342321148,0.7248856679134474,,,8.078261601085824,0.2545102830633661,9.56511308781285,4.717734547057927,,8.04272644601583,8.518776510388651,2.599888562153958,9.999379962941138,6.245934085460309,1.5881780093808928,9.693953657624814,6.3409287672633665,,4.91807713769964,3.9917519222115994,1
6.7030543005721865,4.016055265403048,2.5444609435086907,3.849962848500017,1.6941669242285406,2.3318296250572814,5.999443551033568,2.2375089804631623,6.551861552063253,,7.337034982527885,9.559991732562821,6.082311565213705,4.891612918498964,,8.340963923764832,,,,5.831154999952362,6.371885283551611,1.3850708245727161,5.321934258542658,9.784035867968187,6.325754925179085,3.9105713177040666,4.948345125692884,6.842913118815517,6.8867660255688445,5.625020570100166,6.054468377810334,6.5248785607141695,2.8417986069317145,,5.789695087647582,9.934177586235274,5.793167939799386,9.391223019055845,,6.193904720035337,0.14764380874278005,8.996171574620655,5.028746194989794,6.820991875647624,,2.5753560809283282,9.242510577016734,6.101176473727205,0.7418205498708663,0.6483843498268926,10
3.5181334891052343,0.8689218024581546,5.530881135483144,0.860825481086056,5.467104089851308,9.141788598065789,0.6881620434428404,5.632732637070871,6.019627793041774,4.341596871430513,,4.030709320069659,2.41570980269044,5.791496977996004,2.078260435743183,3.308203807714616,,,,4.514079896272421,3.466094005113961,4.624382082877354,8.758041995958601,1.2019418192129794,,8.557707848155308,4.111978037641664,5.046965609819274,,3.7081744323462984,9.48057202435811,5.9109100769063305,,,2.840875134905574,0.593730049027944,2.0644904651864326,6.232169965439189,0.6772792708989228,3.8809812258229,4.407873721523953,9.866617896977036,3.6848032203764203,9.821320916319968,0.20753408496863246,6.33335549032398,2.1014703382984368,,0.21660664633228355,5.198390980724691,3
3.242580929483254,7.753154608335614,,3.3477112671740605,5.575268605083102,4.439970439627341,1.1772591209749161,6.257976971298809,3.5354167404805725,,0.6206487534884164,1.132626712601904,4.5930276617806065,5.939046120362383,4.417104118794063,8.010571368808083,4.05315342557236,1.0914361345983026,,6.421275297718165,6.399776160218403,3.1084962911658987,5.735683543180402,0.9169156503118625,8.15248645190451,3.648443513336468,1.3552070721045384,7.442799745939961,6.1732109507626065,9.755421821910069,0.22915511570741565,4.899782062887103,5.161020529542234,,0.2064007082340369,6.584493222035111,8.815736298312906,7.357810686090326,5.417641396936724,0.1845070944464844,3.814702126462486,8.713122208516722,3.638610563855517,0.3783063695135802,7.162035322568842,6.616004461562968,7.800546449502528,3.1533067553385976,6.22988716920233,,3
7.718558535977671,7.250488066865949,2.2276372702357805,8.315143516356486,9.02122620420792,3.7578301083964236,,3.5372925142694553,4.57016920015033,,,8.303214564884765,9.899654184524072,0.6663838925801524,,4.53384443853297,,5.48616202430643,,5.771855234196393,2.139689163320493,,6.492496566284849,8.069902693123964,9.882694550216284,0.1875620903304287,8.512721083317569,1.9797878772476718,,8.8461279485161,7.925215641298617,5.319906340156746,,8.885219421964814,3.850685491561636,8.177131994346587,2.2743658671703604,2.6786523974442042,,0.4319575610530757,4.829720630147616,3.78858849547186,5.6096827536437,7.467357133380762,8.888445001764925,8.087549721844399,9.225449861657436,8.24557324489889,4.622446302623747,,3
3.7929939293599144,4.271579930795881,,6.027329777006343,4.803562631926869,0.4081910724579385,,2.5272758921134777,3.442644139062667,2.6162128734244803,5.935908985094032,2.7600928704399417,,6.513728130854175,0.17694432875223876,5.336276059045427,,9.730573299227695,,0.959448384888616,0.9668176011041341,,5.085250767902272,1.1707661822290116,,9.895565592355814,3.9208440775895106,2.7908014277601323,9.184502759785303,9.700114744228834,6.448807351154963,4.848120367988305,0.8798347152283603,,8.801902244492245,8.749350643828391,3.315338117066818,5.603037760730371,9.348353115883208,5.022753705594037,3.586013661644344,5.218372905832699,8.7156937594762,5.2750896378247685,,6.5570147059746295,1.3617805955557383,3.9226609422655256,9.395802118632588,0.581591430869639,1
7.910608037364853,9.968619324020475,,2.8924423664747034,2.992189390845051,0.5003338067638918,7.150303321526975,2.0922365362653004,2.017218464351913,,1.161019087526326,4.620021692290209,2.2594808325154303,9.170870298798564,,2.5676981877886726,,,,9.415027663781746,4.211940202537198,5.9945752811733275,7.18450845939455,0.42229261258637796,3.3550101743470098,5.303761476739361,8.963066501988061,1.9751816742342332,,4.354755778709806,5.818506747526961,0.1279939512258077,9.636469293204982,2.178202362107146,6.9908587333795875,7.56597641450088,9.117691912793266,5.766079301582972,5.536161002591968,2.300073552511608,9.568490341448738,2.3656515361790067,8.724949989799736,6.5925086104846065,,2.9788039660549637,7.491609338932674,6.195006425518113,8.98034475109297,,7
9.593547629717994,1.8241860320500747,,3.305992733454166,9.1169762869394,3.436739658601721,0.7727050846580219,4.17845539896908,0.47618192957347705,,5.925937677987363,4.633096956802101,,9.334208587956686,,3.6334567321640265,0.7752083507028562,7.934841104785203,8.266569918821755,5.2074245701423285,5.342920555959797,,3.9233238029125763,5.508550661814095,0.6844332662246155,9.084819901242524,3.287246358755681,9.447851771595166,,3.5806326365871044,2.964732005398031,3.564829882235875,,5.617224314587538,0.6499611016116147,3.033882178132327,6.849770847215707,2.3860504436019028,,9.999114483050954,1.7111071151119817,1.1625441936786751,9.52637337246096,7.639132126415587,0.7763185785561866,9.360183778395038,2.8567959550673905,6.20484469402926,3.3490084252409646,,8
4.97954884401531,5.607531899972407,,0.4373890483392229,0.18650265499822738,4.673066200789593,0.5414386114381864,1.9815156326822858,2.2195089596522886,6.278710973510664,,9.570020503510897,,0.3272520166295956,6.908943065367455,6.096393318616851,7.807242949367552,1.9629815773049386,,7.3230575809206755,9.170953004876068,,1.7964811770062172,9.59917014233296,,1.099615816992896,0.1519938543862509,4.870949318780714,,7.454474752569254,2.600465717772553,1.3828245449649024,6.797428454023331,3.4824999233900202,8.933987827319047,6.190216419840093,2.335383785618191,8.485861860421506,,4.958998901051833,9.743573154886253,7.5364797308312355,6.44318640687964,9.947426028149975,7.335778934093224,0.46453247863287306,3.658541387168639,2.4917790977350016,7.909280179741121,,4
6.42345239462842,3.2948629490567773,2.908269576300855,6.4705635144333,1.4806634561624776,7.153667490426346,5.650115695441186,5.709092390498683,4.45051382001372,1.8006551891275713,4.895289982717767,3.4717118744868367,,2.3997535852314944,3.721036281398502,7.3643010596500025,0.0629354125634407,3.281310378613862,8.469516831275378,0.7741358687569877,9.370378371124534,0.48430354109259444,3.790411137459139,6.555132513940103,6.038656006510349,0.2988392390762806,1.3470666655688712,9.008953834590756,1.5390475128406023,7.1082901528665,0.07883649289844863,8.75043735516871,,,2.7291375946285443,3.557647909942826,9.515372858268602,4.313285751580912,,7.118187593458197,7.75652634972956,2.7732499645268884,7.074911888487042,2.5279692128387463,,6.295452962501058,7.835202974621284,,4.038072286049737,,1
3.0294626132783744,0.8681035659819802,,8.480489185674736,6.718207879009728,8.502213058046326,,9.771285528290779,4.598081297731391,9.271619627511697,0.7299799798698614,6.805096963742133,8.624381836745517,5.901129686395764,,5.716568203857447,,,6.159813727238523,8.613663977532592,8.63910741573346,,2.746952597130601,0.953237764903464,2.6253103183247717,7.523773615250121,8.30971284538449,4.096503393309414,1.7945145665115902,7.847403653441974,5.782485855939185,4.590246878662299,7.048230357324954,6.869997958934525,5.000563175827298,5.869387520292326,7.445340839367832,0.2947206319717688,,0.6269492766261653,0.4483484172388963,2.782492391512572,5.111116716708056,4.8475183060720894,,4.902857509567601,9.961750788674765,6.30324109951164,4.196168819285536,,9
1.3138600125662803,9.204005170994096,,1.1166565237235782,6.64943978847035,8.545532327887885,2.931172296370481,6.428623027776713,5.297474872786871,2.2827035997921286,7.514421206755312,3.2741470360051683,,8.320672335114885,2.895477310230107,0.19965849021762017,4.98095432053894,9.578157593713676,,7.874162065080581,8.429808227748808,7.057351066212036,8.66541841481615,0.9546954612551617,,5.74445613946626,4.752581719329568,9.196439129169299,,6.428205029847085,1.961742407106778,4.347658138504082,3.246510395223643,9.209366696501206,1.8378060913843863,1.0106296558585115,9.143348568721121,8.609433875239162,,4.191967194030894,2.6065882928032416,6.128949060779805,9.344198412436674,0.6083387156975162,,1.5565257230353524,7.7655138763481615,,9.792072216975203,,1
9.341645652489731,3.3200425938656988,3.1684347670218616,4.6709391137029925,4.908392316555814,6.668239403545728,,2.1951196657669514,0.03769752309804475,,5.787437276557721,7.308312069921726,,9.9506142063126,,4.443685115600552,8.932423772446782,,,7.538495955817699,8.072838849214353,6.965509889297042,8.211863475940934,0.18305026561354798,3.129189988342007,2.2934426333105975,9.09999927510406,8.679654002338651,,2.8782222274578184,8.264847645090175,0.8793235779310382,2.228895008471495,1.0134821050528198,9.72772303306625,6.809189454520189,2.6922127138797625,7.692835349030199,8.328816182938166,7.853153386906575,5.78953583111163,7.244377634192235,3.361509765723837,1.9762702569120172,,5.321726079638358,5.095393490347516,,5.46382950789054,4.579192258798628,0
9.110150182261416,3.3753460305662832,,4.4830548234919,8.607705443153677,1.6338714424090262,1.6454423992539546,4.781752101636263,4.090652392174058,,,9.741858270049695,,1.4413401764243816,1.3283000254315636,2.2307148330423585,5.486256530795261,,,1.457458293554118,7.51804725611988,5.4128569808304245,2.244457117955705,6.572488066750227,3.714874318542659,1.7244863223254092,0.021755796464044685,8.19914192079387,3.1170756337890912,2.7543254160861066,9.059494233730288,6.273265131185829,6.860451221139839,,9.169832731051162,2.9604508660951536,2.0467771715241723,0.6133155566983339,,2.662073527533737,3.612784796090703,8.490699131196621,9.984335664715037,7.11836515438529,0.021963004426091004,5.011733639741262,1.0906962649265484,6.920661896540418,6.655361603733272,3.931913138472086,9
7.854541432577948,2.875672783212041,,9.150481441834858,3.03866121211839,0.9864227270025416,,5.122094377614513,2.9655403171264094,,,8.464254991505909,8.817638357693664,5.430901259550667,,3.8994693727014837,,9.690364442747784,,9.690719861697012,4.630352479206342,1.0686933504771357,6.489360737912872,1.8957529441677434,,2.726997872714824,7.860581984701183,3.573541996470253,,9.184341050367976,7.907918250264528,6.129355733779315,5.141010459171557,,0.689629788542373,5.840730912041357,6.646889658084714,5.352166898682469,3.3376747519698324,9.794502766634052,2.699767843236851,5.686690897602219,5.983868339391819,3.836987579007589,,2.0841641107761677,8.899124707701255,,4.437664219066448,3.047647644457807,1
6.163671787135089,4.024487362419416,,5.6981460917880575,7.952776506677197,2.5291445885825334,,0.32941154340405343,3.2579861283952525,,6.637788943583336,8.489927707730038,5.191364795149997,3.349949537269948,,4.014691749234071,,8.01916949866526,0.07491183156648651,1.861286628008233,1.5923129472307085,6.7563442568411025,3.1811141579825772,5.911349042404284,,2.497680094439235,5.574058184056038,9.24372873813126,,0.1630474157507833,1.8388972695498162,5.056151690810719,,,0.8006130446064419,4.544968236775807,2.705370058600206,7.649787652104677,,3.948261460044622,6.081577055470983,0.04694724231664171,0.6017273570912429,1.514967708133782,,7.35318902745696,3.0439738328230215,,1.328124111314667,3.593982209688311,4
2.928860320559601,3.7616137090328516,1.48682649369821,1.7044090431091263,3.4517304556170316,7.642312463974942,4.195065094715988,4.7047330792464095,2.2790445729902506,,,2.191690963719596,,0.11761801054541499,3.3997829925031056,9.815609125308189,7.94227488938745,,9.463133467145855,0.4313754844962181,5.52347714888823,,2.4577191594543613,9.586517848787746,,5.28799914563807,9.600955599784434,7.03014064834548,,1.0336976014833532,3.271513938398629,4.380031906990416,,9.990397936303651,9.636229171288035,3.5338862431032014,1.2189422109025017,2.9289961954895674,9.738038469324952,8.689526437433965,1.1720359840445016,6.201975130571313,8.43169218919255,8.247474058408462,,3.5572200856531455,6.359051646877974,7.587897874935823,1.8758238030411023,8.110629850573067,6
1.1343191876063297,8.219483310518447,4.063694721261934,0.18931214314471534,7.2104936991246475,9.36830673248782,,5.56498627310285,8.559630794170449,4.554398541792101,9.107271296374371,1.4377926689685405,,7.110726717627701,,7.77445220632674,5.907455060510123,3.4487736660519905,,9.045060251599377,3.3126205499424177,,6.795193150675026,6.651932285594854,,9.517143082187774,1.843498562542757,1.1181841354539201,,9.009356326466362,8.04412105169308,4.939563088754035,,,6.118822489288263,8.92522899827045,5.4009964473431165,0.9490623692274525,,3.677090473166935,9.430603951851175,3.551916571831042,3.8865950613064615,5.5480996190540495,3.0934030426347014,0.48446878448210384,2.2967889001447284,5.172485632731403,8.43252671543391,,2
7.528914521436195,0.5351910970488671,,1.8510309256626867,6.162094393892632,3.279019261600337,3.3736366414429755,6.611146394085722,4.719206294793964,8.3561142697777,7.013291553936284,5.245315926204782,2.4917127256102534,7.100390719867603,2.5655163107279355,5.21790546746421,4.492920620594841,4.186143605695082,,6.73418278143986,9.230997782104799,2.3823624726087935,1.8422437964160487,9.446410119870116,,1.4037401606430167,5.436611914809847,5.109366384441756,,8.722202662316148,8.116627702311108,1.989652485469875,,,5.591351715550993,8.217293055837711,9.549269827916211,5.959625681882418,,3.273776444205976,0.3576916212720771,5.015293221613193,3.2734406571952244,4.75792542034081,,1.6716931140976976,3.0402790860809894,,8.030279661016857,,3
7.038269335303083,2.631451522369792,,2.436419189479456,6.40938531068147,8.796396427187405,,8.020507343830872,8.302944580333396,7.421078583580941,5.908404068619656,7.491533136080754,0.635506676404457,1.6191246181931829,,8.14605166799278,,2.718279308608198,,9.059161571409858,5.8878594367799995,,9.139173661871121,1.389865590787135,,5.121563501390413,8.826160091050564,1.0834411361653207,0.46057480749600144,8.40310361186427,7.610888791320399,2.2457248953683804,,,9.818149214503682,7.309379989223984,5.596446806591019,4.864116713579195,7.00590027145632,9.650085502870002,3.2937637166609344,3.6893146305177558,3.638901636055815,3.481735554209706,1.1647152193469368,9.129970824360296,2.83306147747614,9.307199891786357,2.6258624907862305,9.54988450997162,3
5.304539744065937,2.6428524183076654,6.562048328461398,7.914483296173223,2.429143120367825,6.456247331634225,,5.381133827409636,8.130702032839444,6.182009589811567,,2.9343358884315474,,6.956126390029073,0.7466710234394114,2.1203901200943855,5.059409294407931,,,2.6364285914754015,6.864336288912485,,6.155333991269538,6.303560473699216,2.6244721542166563,3.573966000142822,7.000653581927,6.460270862365868,,4.033167298119116,2.990406856025678,6.536901365781311,2.185228389992334,1.860385538375997,9.127964515700347,8.150481731265623,3.906835360577745,3.3746034549477324,1.950259590907596,4.814564890977228,2.577035638165194,8.53864159121086,8.179880001652787,1.5191465481058064,,7.07674917518224,2.2147764423778984,2.4657821639531576,2.4378895467382256,0.4662740146180244,2
2.3700485648498013,0.1862641155041289,,6.0795330699802355,6.288299036501877,4.49195025813235,,5.710500471094804,4.533651966491322,,7.848035523023041,5.6426639048721725,0.2631463577357951,0.7367064791399147,5.206908875953774,7.877291177880533,,9.329429827703912,,8.895779461368015,1.896981316612455,,2.759926501048983,5.946591797644631,,2.194763057930257,9.06568601378879,1.8491859131156319,,8.869597904717063,7.221449001145489,0.6508904976789098,,2.9974269978745416,7.872301413511266,1.1258402393332356,2.932912404348423,4.240313647737086,,5.019532280126784,1.5701841430592367,6.444572210134875,0.7562877915575594,0.7397634341310177,,8.252115395804019,7.718898118459766,0.03979244258855319,9.80490018366718,0.895855689805225,9
0.27334976801496214,1.8760616982063472,,0.5689503143810004,0.17314267374121117,0.02722366083421579,8.453063069265232,7.026455742335147,6.465848959481427,,,6.806902885485728,,2.8445002126853725,,0.7639575947049615,,5.840463685949945,,7.955373376604711,4.822169483710659,4.4710357824673554,1.3406356532540975,0.4838759667797299,,1.0043411366254251,8.159155920968757,9.92306342780879,6.796105512302576,2.949832472709253,2.042966227938007,6.947274235288882,7.519618715787445,8.007597130718366,1.875357111910979,4.722624858790093,7.4651694127862624,9.329912282909707,2.0706682811964505,6.478627823312931,9.70753395363131,6.354665017073399,9.788488567241426,5.966836883124964,,5.329450623354662,6.667105411617452,4.624929207900155,7.666726058881476,,0
8.97095792723654,0.4843852134525417,9.4174112882113,3.133411219180602,6.98605540795112,8.511207066878917,,9.75021056139399,8.945892517186138,,3.2948903664194598,3.173167533732555,7.144438238764109,3.646219881100815,3.577015692999993,5.011723157898503,,,,1.344857531208411,9.71853212542865,0.5251627660320135,5.519181597181989,3.3646898772455227,5.179674643057184,4.349962956421425,3.838357256075531,6.204350618255034,8.26714709373445,0.3056271015628931,9.188802309518355,5.054822810277698,4.317731582950206,8.476014300858473,0.35703177843548595,3.622402481924003,8.178840852470575,8.385505958313384,,8.726978676291088,6.554035011340556,2.85824234804833,8.968878085050536,8.963567067731258,,9.530475193684428,4.445967616974499,,2.881986814982028,,3
5.076055803038288,3.039104666139887,,1.9404220173001308,4.27602202306082,0.07629638260883587,,9.803256161549752,5.940415762764281,,5.220672413539545,9.75299854273906,,9.13555674336673,6.279306247995498,5.688617606123884,9.466635352267017,,3.2036470062959657,5.926303967677051,7.556203628435965,9.728082845623833,8.117188635598914,9.684225776051667,,3.236867807871776,7.374842211797336,2.8310964859577203,,0.8437306548342272,5.912602268014339,0.7879249988961912,4.566698094012969,,3.3030394231569393,6.274425616612564,6.13639725527673,7.860068155282583,2.317543733322932,2.4288995773925204,8.056166788508701,1.7870767207597826,0.2291735372195025,9.160319734376595,,5.938057689023054,5.866315816731971,,0.3889374213095198,,10
8.11142202915573,6.4086575587766905,,4.576817624649986,5.002824394815527,0.27778560590573376,5.533109681268461,8.314507751047309,7.992899720431101,2.4717437565814473,5.940429723946238,3.591679210872909,3.4527470085883047,6.5230316046040935,7.496247881170718,6.06698881321151,0.7680411100987039,,8.763396536375618,1.7048616923249726,2.9047793566556566,4.450460454168694,1.278768785995248,3.629318672724371,2.0242818381244163,3.6408932902834867,2.169374709615232,6.54660538958793,,5.588309955006915,9.85683206188179,0.8252285270013071,8.288126873652166,3.3613981551269987,9.696785548632066,5.380873647393659,6.073534671160758,2.702395013722676,8.023176250050339,5.730040613543884,3.3658781616321063,7.693779045121143,1.5296607865753387,6.579874632856888,0.9784300352563335,9.032636994879343,9.400134358682461,8.518911995827233,8.840505669910868,5.55284323303472,3
4.6789852248081765,0.162124993393451,4.30352980569297,8.925465619974439,0.3956084365034951,7.978168475156727,7.635927194073471,9.524559491329317,1.9819283906725071,,,7.356473408823147,,9.032587446810409,0.3037747866512952,6.694976074135541,6.923152211362379,,4.514871195044449,7.741562587669244,4.780098260496396,1.5970999643180772,4.692077713298007,6.628739061955539,,7.662968343783808,9.618055618687857,9.260969797113766,1.8288090825780468,7.066939721812318,5.828032930078258,4.308615222608134,,,0.4038348550439841,6.831163078689108,5.438141004323964,4.34318685254534,,4.220145795225299,7.940346878145117,7.459083428246291,4.062864488590359,1.2598062369728202,1.8579569873512147,2.934855387518094,7.203814195365802,,9.600652792863674,,5
2.2154312062123194,6.390748098089215,,8.065595064649953,5.325358161837842,2.5618046345841847,4.741487076241989,6.695711230716976,9.321983623623009,,6.0145789955388125,4.776761828716159,,5.591682075328218,,8.628627269900077,0.9530738258206839,8.658972404485,,0.44407693924953584,0.5973149969372527,2.91163973248022,0.6092500435907078,9.783365233304641,,3.151113759535591,8.21828610141769,2.149330458204879,9.200179069715553,7.046024063761332,9.12624039849289,3.3329715369371016,,2.4582435635323794,6.647106695344897,4.606625106411675,6.489009073518748,3.0985707186262235,8.727374133511034,2.1598724595297005,9.544448177250496,8.513618912321347,4.507646926587729,3.807665713675995,,7.286409697657596,3.0931673515036517,,6.423262613308374,,5
2.2782453645792886,2.9010796333651134,4.3496786385021915,0.7501454881265923,8.941557455720254,2.9065939772707763,1.9380071883772776,7.336912625796285,0.22779338790561376,8.630980099381452,7.927432124302669,6.927003773391679,,8.389000581623295,8.351275530091865,9.341845601525971,1.0132646385351318,,,9.477524704052202,3.3899932128334456,5.346476847058561,9.025846228496313,4.344298041281904,,9.660302273642607,4.141860930292207,4.846703434916616,,7.998888207578595,9.663625255719975,5.177069091445458,1.5137320589168257,,0.1281618972992149,3.9119450668835887,4.958976654596686,8.406813793697367,,9.400261359871791,5.950895650659646,8.340657376206092,0.21582641475522135,3.2694248630956646,2.215362710046298,4.487996773909227,6.528959411671909,,2.1712707319240554,7.453960370994305,0
0.07049349120510473,8.117040137776732,,9.474482187813589,3.509385462735921,6.319022149555354,,0.6949871506167582,3.168190872136103,2.9130784817799604,8.471812217138638,1.050868547793089,1.5819646303897306,2.6443438951752904,,6.77127069986282,5.4377368543232505,0.22683393795261408,5.8469467358589675,4.3013911326416965,8.083297529779589,9.354072583499171,3.088282812114911,9.00451736983065,4.0609406314323735,0.29991536139643227,5.478231072938604,9.127174648003965,,9.303174759891599,6.3497956336775365,8.080360230508354,4.8016603002586855,3.042513479962979,4.165837119166822,2.980184186262713,0.030230341371908498,6.8646381480424825,,2.093840432298677,3.670165299598146,4.457796217904288,6.854017105349747,2.755393855219377,,6.833070730870748,9.567251211155968,,4.039355593061227,,3
6.189740920698777,0.9118024263056057,2.4037229922881664,5.985653088812293,6.354735592682296,8.176113626674399,7.404680911051916,9.878861461899318,5.923328232817627,0.4303748643654537,,2.6157135092701034,,8.39631679829276,0.1649668953333805,7.899242987645902,3.2988955776001094,3.309807612433576,8.630306670598118,8.255412318192723,5.06268623486727,,7.154240402368929,5.337240442262995,,6.711257097558581,7.951002781810992,6.757693711519383,4.036067142892305,2.40508470956732,2.3764128772165884,0.5354461735569616,,1.4586613555010342,1.641420985236608,1.0315321219791318,0.20258097226745098,4.014710377929013,3.062928855202316,2.9196079189552737,0.5118404142662014,6.351555140402498,6.793411963701161,4.679339157405696,,5.206092455136341,6.876969810052006,9.229124693920356,9.852905306616313,6.888444309687305,8
8.90708029846083,4.817814573089051,2.694324688769769,2.2253564622934316,1.1132385866508576,3.1844930832276273,7.440648576159592,6.275346912576821,0.08886254148805728,0.6675903951883533,,9.589853340533962,0.749585171595164,9.478791894488996,,4.559697510503763,0.6590708827379077,,3.1584609951981,9.288236547769163,2.650727406130212,7.446509194448932,2.5670302628534927,5.640989512929605,,4.848470500551847,6.777086926871442,1.534232467532265,,4.020027706632271,0.10892902624182743,7.620454898263443,8.677325766314027,,9.999689638315642,6.581304265833603,8.260210242173663,2.4380790911228036,9.111481129388954,8.057708469413296,5.12940226041205,2.630026966192834,3.132469032727606,9.87093445878507,0.03031083561462311,3.4582312599797826,8.642768722306934,3.443643479380607,9.230248763284996,,9
6.628167840545199,1.1017163710303757,9.011247563885913,4.92322641261242,9.151837121143341,7.258331672202894,,5.464002199098087,2.8631715649587965,0.445612211787747,,1.683588088548278,,9.672676445142788,,6.022972280054711,6.237229247190036,8.963531054418624,0.04799466783520279,2.040304143200405,0.15289581066329827,5.8044168521441675,3.856500945308059,3.8278704611293257,,8.568490662603796,7.927479540587133,5.787682004997419,,1.2815912267776752,4.701210085888402,0.5610078695255483,,,3.1236472645539792,1.8988602092417062,7.6917117071204935,0.8284015938843892,9.852849961402804,3.758887858473857,7.63091748217734,0.9195812522620728,7.531235734990616,6.796930472111314,,9.006772472988905,0.6404029156898261,,0.3170040460089496,,0
5.344045253998319,2.6691972979643386,5.4482177165831,7.921156846967733,7.687126685846328,9.856989307516892,,4.853741923178566,1.720365464936543,8.271460722519278,,5.306399930228515,3.1148565748320154,2.9773883778093624,,8.97522033537744,,9.816557163395883,6.905352778798059,3.3797994641490714,3.9868379966685676,9.523762854860486,0.7522285537735185,4.773116555250235,8.880361969202937,9.499592763853515,4.730451995581381,0.6510889529237107,,8.233472835563553,2.2131929172469245,2.7603579639485885,7.633894846071687,,6.577366574134686,9.834602424962833,1.7917056575561252,1.7811064436855772,6.951118687019566,2.546648205024727,8.652477212227488,5.87811832558457,2.7014435468674236,6.861213659095897,9.449334430513433,3.5020384197428167,0.8010446251121617,,1.3268085438874644,1.9177993618563527,6
2.7702387563050657,1.9359046296976279,3.8104138026549386,5.743783427595247,5.478728071682578,2.247962739034821,,0.397072656520836,0.03269442210376061,6.643230105993131,5.5334972071898445,3.908798678888684,5.572632967409366,2.7802965267695456,8.208432925724837,4.979746525592805,0.29501150419707134,7.442219324316169,1.8325257806257456,6.1406168608272225,6.708295906267267,,0.08866095827288811,8.826268841097995,,1.0343539239355093,6.910958812545619,5.318123462044789,,6.807892303772903,4.18124951645,1.3424796106520842,7.474655025731086,5.903553832722313,9.496940695331302,4.342211174500884,4.182007834135749,0.018471983868347808,,5.458856009021681,5.150001890207438,0.6903123985217263,5.5661883712568905,6.114639117271876,5.884543068032228,5.672849022049703,6.960320468789635,6.933879713064033,6.958778217164444,,8
9.696997129498591,5.5524279991811,,8.627240172082745,7.203693950508852,4.584798221632125,1.0301627187857643,1.4659266079060207,3.559322237666711,,,4.40288214535117,5.835161860364078,6.999004975843011,8.89030770523472,2.261953434590358,,7.1418358879514745,,3.7486227738304425,1.8131051695253986,,0.08994788106169271,3.9051039702435872,7.289293804595951,0.3636594168514917,3.9330975215425648,1.7449533395878414,8.629331653411192,5.648496058131606,9.345922832686208,2.0353428523622217,6.646929016534644,,3.7761331343375417,1.283855140471839,0.24398252327652137,7.10258948939898,8.106217531148815,5.266767547146913,6.248698237130014,1.9443757389688532,5.464962305464508,0.08964446307072604,,1.706489185748734,6.1696851765863325,,5.065735320867403,,8
3.6028412369471274,2.121059413765857,7.228944930650036,4.386465466650278,2.013696592110045,5.50564468065195,,8.869991875707955,9.795243983247513,9.2656097944349,,9.45120290261754,3.7873727012308898,2.8535398231319298,9.822599074994653,4.18655633977449,,6.323973533071776,0.3304109759438967,9.933648406267462,8.629751957568294,1.0751738153863122,3.9369517247326833,0.6164221359515354,0.17956663480829693,0.5513332045252306,6.622401513216129,0.3211540837249871,7.253818497757743,4.864218644195869,9.55037845630538,9.092017620409992,,0.6523678019577916,3.0779484019087278,1.4614993657792308,6.022507491894611,2.0933363478851263,7.082072289101138,3.897499044118735,4.220059711366934,0.6618095391475931,2.644949027727775,9.486609880403371,9.23513363461766,8.343067667494909,8.001009582413568,,0.05500090412835723,2.0155198508794427,4
6.452966101945297,1.5678603566013483,,7.025020133547328,2.9972646525934676,2.3561913308925497,,4.503659479136956,6.27987114055049,8.824419175936548,9.006755264231762,6.361594287260592,7.506649640771634,6.955338159278256,,6.882350362062687,5.886680340999427,,,4.334725987537082,5.168499560685589,,8.279040035972791,1.5277788770150624,4.968767410715773,7.023959759835959,8.522551072407383,5.890212363934103,6.839419599115741,6.859514421625913,3.0593171294100543,4.899361974031108,,,1.400432637325899,7.67935303552208,5.920199256436948,8.574437694924697,,8.011172931306689,4.216276213623509,7.722673408966587,2.670915256787736,9.098564304405516,,2.010902649578099,2.5977083759930997,6.764522480944337,9.292459593182782,2.741214200531079,5
6.094965993828639,7.1209895184481775,,3.2994677011211184,6.692694981443237,7.221497472249302,,1.2985618351667283,3.86078433714782,1.3537440636172104,7.977322670275521,2.042499134018918,0.6675471536639221,8.252130811989275,,3.614451255082268,1.5548569315865068,6.3796931480134305,,5.249265890080721,1.7938238268617523,3.476597671661338,3.317593513125987,0.38949017542230013,3.4170991421989063,0.7426134404856355,0.03239420503607149,6.765264171050086,9.659070449380089,5.5218616466683725,4.377686775019026,9.280212708958246,1.5027325908484557,,8.281599423266995,9.120301973073936,7.691428471588973,3.8858840182968124,,4.693866052240755,6.083749872768587,1.0262781817924616,3.1978572842023425,4.353974587552073,6.772979607604796,2.007941498724378,3.984730002668586,,0.3524443929620724,4.1558695328898745,4
0.0886110283903474,0.2891903069415469,,4.714714429030372,2.8137397134727458,3.878648726343478,,2.471236536021113,8.642184778315364,,6.901645855400076,5.218948265796187,,2.895065923373524,,4.156006946411814,,2.234172466159502,,2.6397442930497386,3.7270434005055417,,2.415462885640051,6.439122608508701,,6.223720401452809,4.6778062709899615,5.002960433203267,,5.9038705221786785,0.8499716040624861,6.17008721529677,4.908094828596657,3.0553494362841738,9.000976717132325,1.213870051510727,8.34063345105088,1.9911813980912352,7.804520703799016,5.94161305512535,6.2719020649521,5.865011435709508,2.6622961154968605,1.4159832966940256,,2.670020534374621,0.995800846179038,,4.137984923737474,,1
1.6093928337670993,9.102328115810574,,0.24085700837652269,8.261641000036464,0.01733380520803629,,0.4726175572289104,5.364349551519601,5.472646808138877,,0.41939103039658865,9.837274670987185,4.796397104340219,6.661335550348715,7.999088775814212,7.482379350697457,,9.077491158130783,2.05163772123671,5.4078153760734455,3.5855373156030854,2.3841166495318324,9.538225098258723,1.7478224427706135,7.699307385972092,8.894066764912298,1.1316409283624373,9.58315850481926,5.994365648761999,0.5055141262557727,3.3836145690438157,,5.957754114661606,7.115563993747388,7.636408404202393,7.126370006678208,3.30471730671003,2.8506955181546747,9.997724907188772,9.488784125688388,4.9028065214313274,1.9657976454692783,1.1460135774272318,3.4044661831716083,3.025798519894675,2.947169368767267,7.809584800788054,1.068966193566181,8.189739335096082,2
3.913541629355529,9.714321127780286,,3.6784714191136345,4.0120883071285975,0.08944978816128768,,0.5439388893714958,8.100076030526017,,,0.3994142714624249,2.9702685532547433,4.744242965393321,4.724694908428707,2.595918309944576,0.030614782367164306,,9.26072338515787,0.4490111637754379,8.738457415619886,,1.3557017754385203,2.9534345182008046,6.482037435194243,1.4009519568098283,9.226332542663657,6.539199124237101,5.181823134314855,2.346733266568285,1.64273814355972,3.188755418299057,1.0814522823137052,,4.8715918310541095,1.7337512792758225,5.781998512133006,4.69416891310493,9.576275844564764,6.030280408933315,8.755337822012518,9.1602229817059,5.529967860008251,2.49437706287691,0.461594612000531,8.66662445730061,5.770062950047245,,9.14313885227003,,7
9.934489386147277,1.1676110715695298,1.0159017632300582,5.730505879739136,9.443498811864771,1.7307877464934163,2.2347656647142644,4.0964379539395654,8.731119710700533,2.1242203469956964,2.394507292258009,8.454716283112745,1.459372773026698,8.035484693940605,8.765692944097047,5.70922871220156,,5.875666427002085,7.523406161681828,5.144754723720181,7.19252229834196,9.352420768938428,6.654474678157563,5.424607209570938,,0.8507952806582175,2.2820620973584815,9.354789288420834,,4.867291244425923,9.924250935448397,8.827948004192205,,,4.838395271028731,9.610957428450792,5.611245033838486,5.115627912449994,0.6889326910474891,3.207449397599812,2.1203935205432813,2.4735903923905314,4.788049202419024,7.2203676664750525,,2.2514994407050573,9.49817252651146,,8.803532537354725,,6
0.012149335145449358,4.772265627793417,8.124230649827092,0.17574829210336596,1.5600190515589951,8.749384608690299,2.6948212232587734,4.025935959940341,9.12201828950615,,,6.234440137690443,,4.018004709917705,9.51675613253562,0.10758956045155976,6.671040874507984,3.496266673445283,,8.029343330750148,0.28623309899301286,3.835455763502018,5.962156589595336,8.495799662144094,2.6699262294880786,8.901013267774376,9.274167573905192,0.0857723597160076,,8.833064867916553,3.9955776389026543,0.30012913378438033,1.0657846279092575,2.022179359210945,9.952933873699013,9.58828547492214,5.8246643347927,5.839687876805431,7.08718787307884,0.21113509372896244,2.690195038840708,3.726344450585507,7.680416527016259,7.020990668950262,,5.18804968317342,2.5494820066817203,1.231452877101834,9.903881027490645,1.7787511714465543,4
2.407720356005023,9.438489736469887,6.440509554646621,2.585519475284338,1.2162901180796326,6.988912178923323,4.148733345151322,6.559461465039458,3.3189396610048383,,4.401178345962389,2.2074209149005144,7.701647670169637,0.5032525597556625,,2.110688955987631,4.407447061529741,,5.500502310770765,9.489794240463308,1.4682216638121182,3.729263378300669,2.408735905390822,7.463200418850748,,6.99275665675446,6.165172148320657,7.20287092480186,4.929777417311781,8.839276933247522,3.426704654584439,0.3989384664065898,,7.58936461931767,1.282785472287693,3.638830134895359,2.988926693924757,0.24383356798223232,,9.549487166091014,9.064364190533622,0.4626044316681066,2.4306052059980487,8.546235311480537,8.975454726602697,5.887103819353557,5.13555810274503,,2.2328225008528135,2.9474927052855247,9
0.9582423741878965,3.1048123112684856,3.9866263557765222,3.3355900953500797,8.917544331464182,4.518376951789326,6.965248048459134,1.9550766483562199,6.687449213674215,9.047310266534375,7.531799372117037,4.207053187575652,,6.856139219281479,2.9694908015932975,8.539236656074731,,,,4.681010347980349,4.784087122989872,7.532133742939461,1.5828835631649996,9.62148657299721,8.816067039662913,0.45806156997968195,5.1920395131315775,1.630389049395281,,9.913322519135278,7.153134964004578,0.5425389597715857,,,8.231806493989922,9.008943333554587,9.693469319127862,7.936726667223039,,2.2529573635899314,3.144762822798338,4.447246922193669,5.350495204909803,4.439877423678945,,2.192376670719841,4.6180662373808214,,6.596542023382014,,4
8.913567068116608,4.979610531064763,2.0886642716890966,1.351688797925883,2.5688135593076202,7.107062458244753,,1.5488568422075133,0.9179025177476896,1.348952925370579,9.321134944516455,0.21963587123984274,,4.372626506655236,,5.005569819382583,9.676307194816253,6.289648083871791,0.8728842585304797,4.029667711168084,7.37964050491721,4.672109796737138,5.622707184472383,3.4056036350893026,,6.372048684339945,6.0384746864305825,4.265373721528704,,7.600226173812591,5.060163416968823,8.446712397664474,4.575624333307764,,3.0279715542424954,0.19508661519884285,3.5300107969818537,8.435232567214285,,5.43733561728059,6.7065198947060285,8.523247232984176,9.763361616771425,9.192199757286003,,4.200779637218557,7.801124582448901,,4.502796790848635,4.96055070055392,2
5.58960551847899,6.628525159445361,2.2952775324377663,9.623981942108317,2.697649907804893,6.14826764993915,4.75157180270063,5.130026663373199,4.735433363801796,,,2.8691526517787134,,3.140626866242896,5.521668343831152,4.073717701124803,,1.5474985621706638,9.672851125068252,5.722063909147179,6.711302527818194,7.364379616128215,1.0604715688718502,5.9330670034603505,4.089801545865845,0.8633771463375473,0.13358407062786903,2.8589473631138307,,6.263570718963145,0.49414313056869275,5.826498289263842,9.830941973674532,9.925999487685292,2.566481108483769,4.121030521321714,8.447662925167048,2.888045717814165,2.311739421907366,0.6472598915674233,9.755926395469054,5.521120910499978,8.18399773398302,2.672094120377576,8.899732660399259,7.9079438486464255,8.49238092667593,8.657330924544526,5.35068966642738,,10
1.8209767417355815,2.8677048374372727,,1.3548095171597452,6.851306512145312,1.7406815333919734,4.036914671457356,3.979769055860496,7.999865558505239,,,2.6180358001081796,,5.6322702783721015,,5.478361528125531,4.4553371386889395,,,2.937123096977409,4.1191850395140985,8.0594405813887,0.12412462490118292,4.906428493968945,1.1219948670499058,9.214105408067955,4.301059348871462,3.44659820042975,6.1771605208404985,2.474473645225631,7.877318433244165,6.93680150155598,,,9.747545565348688,1.252176508789462,5.761715691208881,0.7576142402898578,9.502579960493062,8.771198674478365,6.587874793785154,6.938374599702609,5.604063844155864,0.6313433677430802,9.596097548732729,7.8468277678036085,8.819324610762513,,0.6817125098112531,8.168499830098623,2
5.852820637905905,1.5385276555354932,,7.275433940657595,1.877534192026158,9.74428379115735,,0.5709394740362961,6.438921541231606,1.9195623696412578,,4.890963710903781,,4.408619751493688,,6.167171681690008,,,,2.0207417551431406,9.974342031879791,9.451123359520764,5.317174595975524,7.241238064776002,0.8041151971297622,8.73633646628484,8.65954452597459,5.748245962739368,,4.824016463148119,6.312621863489624,2.5404197197800062,4.829806289382167,,1.4098433321900927,4.573160277963364,9.979090715426551,6.740643938512082,4.12938284604217,5.270989922501769,5.48769741847739,6.240739653235316,3.7338250333123235,0.19943234747848093,,7.416552286915554,3.789361556769598,7.399102310654641,2.0475682706023424,,6
3.3949917036714297,5.342811309202574,,5.92379286139999,3.352894764902712,0.17062846771719986,2.911811202621579,7.221866906215749,9.566627566087908,,2.8472432797005878,4.81042830538144,0.5675175614877925,8.680110528446809,3.868064401502327,6.883965029404486,2.4814742229515208,,0.38570158998050497,8.13236209650573,1.9185827896545316,4.996294583030307,5.062259320153814,0.3744062756675792,0.55030402422232,8.861916224762457,4.652688466019393,4.224216608551926,,2.9195444019603634,8.302466409610762,4.920356023371557,6.450590435739649,4.1337240940413,6.584427356343819,8.972957084572391,4.979480779136617,6.120643030769745,9.341116350181556,4.945432222237976,4.325254382752023,0.07476222886255823,1.3161791309911597,4.571724876410439,0.08257074949302723,3.073930238955703,2.0831724974096932,5.887596620665637,8.079591152534496,,0
1.296257885351969,1.2418761700810588,,2.482319004356942,5.302450190422787,6.116104338046327,5.835515331063997,3.342369860575183,0.660817880979766,,,7.815503589523418,1.773854441692575,1.281517223811216,,1.204023723681471,2.0382770325049435,,,7.437940488254925,5.7669258141161,,3.415225824616026,1.2868702216367456,1.329348849283768,0.3642533190430597,5.466327465029769,2.6479963207806048,,2.5083948743976823,8.842026308589523,8.684718914644145,,0.09548833792927147,7.477746775103911,5.123128429557412,2.052318469045943,9.879199843298315,6.521744149414619,2.647519692354905,3.710978939035784,0.9817154362609848,8.23998860944408,6.585581205770687,,4.1296576234518865,5.4091609803400775,,5.511058896322742,,2
4.348603408270125,3.2789910028829086,5.1853090124211585,3.6049819048487377,0.10902853200938312,1.091838945189163,1.2673467532425964,0.977908945293362,7.588567622537687,7.130634178020255,4.960190008048082,0.332018133666524,,4.000820655641178,7.215419962180345,5.7882911465444655,9.117959510734066,1.381679508727487,,5.417151067084157,5.414655131550033,3.667304420532659,8.74544029743844,9.21996796403316,0.9403444392958094,1.8322551457042546,4.499222024283508,5.327011675224074,9.81441838772384,7.7458082320522195,9.593555185643195,0.4062209259471916,,,9.820113224460188,6.662143446179732,1.7228097784846708,0.7214385109075461,,9.44146986825859,5.732061052967793,0.04789557214227469,5.4175117994095725,1.4930814456634933,,1.7682427597174488,3.130140326209463,7.886502814130758,9.16514159645217,8.25924412140481,9
1.5387614817454276,2.698472412638969,,4.987502458404646,9.849978976923218,1.6331447301209334,,3.1308994483776775,5.077294903647091,7.515753523656677,1.6004319838254621,4.457771359578892,,5.960237965241059,9.614988893420444,5.939502390791535,9.27496801230124,6.69110625356077,7.338518799840445,5.826008037826803,7.104461686021562,,8.72862043374919,4.790272875602818,9.579227053351797,5.409230184577779,6.3648796648027615,6.990298871960633,,3.796316509680463,1.39763630820402,6.676223063727301,,5.853211993078639,8.364292629585908,2.5269582281028735,9.978431884070634,9.663492781150275,1.5547635244928926,3.2714686417845638,1.6713475876255557,1.6851396481019965,8.736220042863293,7.2350799115428766,,7.418430673083238,4.084627832844179,,3.6568059588866664,,10
5.732120185842109,4.962761587971336,7.004952715331233,2.1619393533006215,4.962325831187043,2.064900486000636,7.486125981445476,4.955294573515018,9.516360757343477,,,0.6819732120898592,,2.5078677128119375,4.163575405185639,9.072023684628066,7.93992631287415,9.096942864468629,,5.987679130068382,4.0627179785156216,,3.6214080662550376,1.7100829908282822,,7.308489512560302,7.34159959607034,3.4441102873496785,1.2228066653805947,2.348872055615927,6.788984942803263,4.387248219042713,,7.135272503898651,6.59801581286684,5.137098264432907,0.1663886203086029,0.572681215734252,,7.435258884694687,3.257503580210397,4.975866656119115,8.22780965189991,7.857337497740723,,1.5448173479042626,5.189527383673381,2.7505134250892804,1.8933826812408072,4.040980507868614,7
4.9518268968061365,5.938356303606707,7.611561430024427,8.911078672562743,4.338454667290856,2.370356295297084,4.140601245614146,7.731336012075653,0.6977069949178916,2.177578507802047,9.330262941554345,5.486978041471576,,1.854173941877808,,2.9264728827175635,,,,9.235939368894599,2.015698780842973,,1.4046694008787075,5.985781619295691,,8.717848479866566,3.516715088518161,0.7041262280085792,5.025105393151846,4.063995877367731,4.42798844649232,2.7982377317401017,7.189650207793261,8.909339108474724,2.795077947198503,7.694188766763111,8.566487125151736,6.534264047186782,8.194050770376595,4.776718465310509,4.890881423033132,5.8346938079156905,7.96920392228318,9.013751662129186,0.9791540591099757,7.6062025004189096,1.8732111857534828,,3.8477125008398394,6.850720150430067,5
7.893128881638659,6.2963934731691475,,0.00842584987575834,8.29641485619045,3.832333816973711,9.23345820829677,7.258566936555956,3.7693180482755926,8.62702960830397,,3.225411165576225,,6.885378646511966,3.3586052802760227,4.463074016577632,,4.962287867385804,,7.416547384660682,8.615402132148967,1.817228761296379,0.28204109676056355,8.268752967207405,,2.025292812562842,3.862820685626127,1.323034237623556,7.029030435958514,5.598047772505347,6.037856845894681,7.783003115979157,5.42743965761427,4.776490628184647,0.9630374464868163,2.8374419071806525,8.959134365969962,5.673927204905746,7.417352527682101,2.3511818384866223,9.90593978016826,3.8272922700526,4.976072051164985,4.778902759776762,,6.825748057820583,7.15323109305666,6.161653821584732,4.108801204504893,,7
2.3685728915991646,2.8154254585818537,3.4005560216900266,4.831402857972517,1.366191091067711,1.4238948145455677,,4.0738927884719605,1.9476800865336297,0.5340182766722246,8.148150113187786,2.09733672157447,5.416612503461935,5.186032029391186,6.21069971828275,5.645711012036267,,,2.3251848935534336,2.7169632093554563,5.173148403241477,8.471467532661155,1.949978967011906,0.8182688687870809,,0.7098783412247023,8.978929805130472,1.8491170379943966,,3.1435203194715866,1.867665738679598,0.47272668996660716,6.65940134410675,7.503299585675439,1.378273595291979,0.9016786873609428,9.242397825222401,6.121890692568455,,6.544075265534744,5.255007909903745,0.5182082886372674,4.778645127706856,0.9738670654488502,,6.005112905288623,4.72130859673575,,4.6341468268362105,,6
6.094660398511377,1.5553062923013583,3.2819885710990437,7.627072088621539,9.46889376059229,7.923147260979292,,8.876299841526983,7.434077298324667,3.137051921061257,,9.396278664095185,,3.238736440276063,,3.901562947302147,,1.6045048870025247,,5.12469453161703,7.257783176392105,1.6181086800901856,6.736205748852497,1.5134993450424072,6.042837923014659,2.4257000299145592,2.9548380970152923,1.247816957926987,4.6742541274556295,3.106667566094261,0.28574972191966586,8.30648683173718,,,3.8082690352741477,3.6584449987489664,8.292748086375187,9.281864973555084,0.9356671523499238,4.938651121468531,9.205324387024264,8.551336745935162,9.42170794495307,7.835189141200075,1.8655324341212243,3.789078662914932,9.76580314703503,6.350473267970883,9.360187338787245,2.541854464571709,2
3.2776943137759695,0.4788905042310143,3.7385169145826067,4.222153141369192,1.6838331625599334,8.850851405421878,4.763021608141783,1.2317905450483213,4.703340995316956,,,2.3270974337264736,7.602267761055634,6.752466310681232,,5.417111352702838,,0.5637595913364923,,3.3619410946922557,4.403494364812999,1.8174352349557277,0.6725734928591109,8.99096172882441,,7.944885024872839,9.764644255594835,7.576281943306609,0.4778182760618943,3.7635655704217177,5.235109822799741,5.005003772610179,,,8.344930478416973,3.593733318265616,8.180528288821055,9.336763013103027,,8.747069100690778,1.9606538159414866,5.025974619076048,6.994179818312719,9.455451404048768,,7.216978773563733,3.687276465149715,7.115075595576301,2.768345387706932,7.164386892192659,10
8.86135866832376,4.277849891988547,9.011619668031713,4.836637273415658,0.6046139024034658,1.0646649052539803,,2.171893313198543,3.561966871615266,,0.9236325433742709,3.330237316604032,4.110698657012812,6.611199483327564,4.856786129539087,3.782707689343121,,,7.786987813875877,3.149916767496296,0.9215061528139024,7.1448558344648525,6.890571053348749,6.9763844459351105,,5.065057167469074,0.5829021302291737,7.058865605537626,2.8064501386966914,1.4665253089305264,4.916594473256323,2.8511098569928195,,0.034911819680452094,3.079132777442015,1.5550309052865674,6.9659336019361495,0.6043110196050205,9.222595835317524,1.814556821561767,3.350741814285554,9.972168407133932,1.2367959569916553,2.689274531844541,,5.187711092344305,2.3458714779321186,,1.657132877098213,7.257238516332923,7
4.532703929685729,0.1283960263936168,2.976672314035329,9.253817555697454,4.042748578685737,2.4329921259431355,,6.868699406192577,4.045848410356488,1.707573889695737,0.9362027641977821,2.928715726662303,1.2277776399953266,6.261650038230125,,2.625042020766104,1.8871940075840787,,6.201561515952872,2.6360916757480544,6.88598933650053,,5.8365588630791585,6.957595113980728,,9.576553648799631,7.5672882768352165,5.602985184408479,,5.915380231014927,9.979913983193,0.9861954970243614,6.485821310620316,9.62670465157532,8.337239813973158,6.75924887450366,8.803774011863869,0.024917478625721134,,2.535114766590368,1.8846875150324904,6.21401004879388,6.6825352177538555,1.9605896278623969,2.1062734010143735,0.7757686603373615,5.758222739677801,9.102393336982551,3.8076084642054866,1.2245848695317185,0
0.7269131564905762,0.7851949170428951,5.663556957137816,4.4549452892973544,6.858528623660626,7.779368888005661,,2.8643916885490937,4.45239778334884,7.017665948325508,4.26705424415736,9.826823732800635,,2.9805582245101325,,3.0637596841170165,0.8337655182163484,,,9.834230972149507,6.566690987095013,,2.2719003588888906,7.837128008498169,,3.782951805095488,3.288728398130323,9.258489004271727,9.00816486502401,8.545834708744165,7.969511005388291,9.726460982340367,8.353102753150889,,9.833418686441732,6.6148956931267575,2.3731150355720967,3.410754778982792,,6.381655487399205,0.24584830349342002,5.597612681183257,6.648695495502417,0.15221395790590564,9.740589196134096,0.17040120819778792,4.822096911777396,,8.136045580103092,,3
8.579784096944383,5.082410919637886,9.265745046525588,1.2730099446124532,9.649586938324152,0.0889039760892385,,5.261382907440636,4.658919473857135,,0.6447474266935849,9.163021855358572,,4.060323686465863,5.360922965667099,6.795729722674533,,4.296743290581172,,4.33600520636211,3.052184062557304,6.31674297603659,6.933037440049911,0.2488280155049971,2.361030786081182,8.589652464432673,3.1362416749416697,3.443142218544865,2.064674169542138,7.010121976106659,4.369184165729084,8.735537336030204,,7.122294444649894,2.340338053868092,5.497892779752897,1.5593824482855734,3.589075361373757,,2.6305379131730144,5.311898167419167,5.265971866838789,4.933628561898685,0.8942803854279657,,1.0576432266280489,1.890049166602742,1.2797793331879792,3.3009703970131,,2
2.4444090908161566,3.5119005367143363,1.0089287194535834,0.17943423890525279,9.474362827875433,6.435417386204433,6.8290767372413175,5.061818012752893,4.100245916405829,0.7886860553759345,2.1393383327932036,0.4517712229719395,4.3473477282414255,1.6479920047571295,5.5114947696540915,4.587164905920521,7.645082778917846,8.819861902016346,2.3406723133821927,2.7121696250441585,9.3160766481704,,9.276190706053079,7.993390348852033,1.4567084780288797,8.26354009032581,6.087050893833172,4.785255164772721,2.202079998537023,8.417065479767723,8.420630450636056,4.826342218944173,2.7939061640597718,3.765608002594849,8.791862496182869,5.128097813300632,5.372735967058634,0.6442199430161055,6.4341196150292905,5.580680892321363,9.134854821094823,9.552094720004614,0.8349755367968059,8.227928611627746,,7.902659059384449,3.6327551101607836,,7.033515643993099,,9
1.2976050158778663,1.015281352193197,5.924996694488961,8.255228082025162,1.0396559029946295,2.3932812175530547,,2.4098932439330714,7.445351176346837,2.0382445851188438,7.860479478565091,9.051023954780398,9.289623876083366,0.9635252537091421,6.093369002245255,6.471478106828749,0.1424223095712518,8.839402574089766,1.232308288239471,2.2851938577192565,8.017656562382792,1.984077701963316,1.6907637162030387,1.4700711571706726,,5.81943230387267,9.791771429870264,0.3029256011203896,0.8349880403434595,0.27197552815835246,6.525106572429264,0.9765582943086393,,,6.113916325062579,9.597078080486488,7.899192153841698,8.03798541610602,1.0964974899996538,0.18876851088079127,4.693827687886278,2.337993836077543,3.757043826908811,5.066025999395675,3.976950417441607,9.715229033558058,8.702575586641927,,7.456720130149269,4.674802189857798,8
6.852004395496221,0.6723057877776573,5.015660548543634,3.4768434445050325,1.5541193371549522,7.711075631481867,6.531047940490136,5.463994384112033,0.4634179842681174,9.75815569244882,,4.764204966256589,1.504302269220218,5.204432215226565,0.6107394319886406,2.657349466579441,9.91396940658248,9.949328435491552,,3.0067078849236273,2.6899718251246654,,5.127114962092958,2.087636892270809,,4.17907796197796,9.180391851399111,4.774664433558108,,7.0229264121695,5.03544818060179,4.472921612151422,,,4.438270585448071,3.026910773432271,2.9574380040496484,5.616457184903948,5.271764066435561,0.9574264346145789,3.063535098489396,7.564503983200251,2.265431544913985,9.365917561468653,,9.768204116565805,4.736347043787946,,9.220963520538387,,0
2.8380697542886812,1.9792542769047128,,5.710171153475035,6.024294218176478,9.477184488332767,0.41911066257747986,7.705090046536482,6.8498331980399225,,,6.88054572143953,2.7939231731147296,4.903890330306822,,7.00670377735849,,,,4.707081871632541,2.3493833737232217,,5.852096306604596,1.2650867372779306,,3.449233715396182,1.3221726265923217,5.618246496061369,0.7761270940943754,5.903199339432583,0.07563869259779366,4.326462490239614,2.482959407563985,,3.7960633132617283,0.997751730761206,5.008522472532958,8.699395050847157,,3.8907462528508074,1.4087356203528167,4.066453606319046,3.7420677851438553,6.707336103933434,,6.852132939423611,1.036346361191759,4.419215466793062,8.127382112116603,,9
1.3579369253579876,2.9541628862949185,,6.864527702634053,2.955579477514363,3.4395247510871876,,5.610914541144386,2.3785831177075,,,9.282578683908831,3.98462873553998,6.722013179875929,,1.452568666768782,,2.782712222145469,,2.4035792604940367,3.3056955436194335,4.368781445243979,1.9366764354077048,3.9579320759161227,0.26876266700317175,1.4183806150409672,2.6912615623679814,6.872352179239552,,3.6361446859587687,9.70976931676394,0.8029378653373653,,,9.64440626121371,7.566759110222114,0.6056591249817744,7.355447471100445,,1.379272430950692,0.835521349649101,2.55759926552508,5.206641320474397,3.010964956303317,,3.237464295533563,7.985295514264033,,3.350750666758172,,2
2.558499051783927,3.035782733365574,,3.8577559927141705,9.793063246336814,9.657614493960779,,1.4176874955646446,6.039737806480701,,4.068988509040622,8.255347912260069,0.14829133494761226,9.065458359753926,1.273017028933685,6.98167617202495,1.308403647343045,7.4075095751841715,2.1934359669278356,8.353358745678937,3.9601227554902363,5.23414622014047,2.141857339694103,3.8950635371375486,,9.75953551139783,1.100037116226178,1.1642496761731347,9.923968472001564,5.425780805696258,3.923236191849784,2.4296370331022366,,,0.9273329107414352,6.103026524024225,9.180210753943769,9.626553434410495,7.571323173881551,0.9420700924303815,9.935632444880142,4.335427175598486,0.5379329108984254,8.30663191113618,6.752752319078116,6.343705817775291,2.377910084751554,,6.822119628319559,,10
1.1310485871252463,0.8764940285332068,,2.7216989204041475,0.09640883646772735,1.2125946167484802,,5.059391302321118,3.5471796622957408,8.733094260141097,,8.378810093625829,8.179466711482569,7.656877594436645,7.263523227008019,8.824648215353278,3.3125719233407533,9.907569116443591,1.0436901340870164,0.24253114512417184,2.9457092875584445,,5.244537705228309,2.7421159227780945,0.7995379419541049,1.990423888460905,0.8359960630151353,5.720213378943218,7.477615896863701,0.8180669661469475,0.8974791924041614,6.847095115454055,,,2.3745879922990976,7.346529285565419,2.676841955604571,5.712821391841882,7.429872256756472,7.756137986726994,6.239445270451862,2.4580765658653183,1.1078653573284247,5.936590045354173,,1.645600590802434,0.4741577523216134,7.893040065971927,6.740509251148536,,3
4.649980513670861,0.6747896828156275,5.916995612202904,2.2260451098519973,1.6824742780006663,9.90390449141453,9.411595145935415,6.2888400980341865,4.539024804264252,2.621261353705424,2.7508720608711834,0.20328268547176842,,2.3121221257282354,5.532723641182871,3.9218324970636864,8.546656505857179,9.470831650505888,2.3203513178056356,7.2634698119702215,8.154550394103355,,7.64514521508345,3.08323477954168,0.7947241166336483,8.857784439286045,7.933135180827894,5.861064687632428,5.912900611205618,9.145991016388168,8.199872784207804,5.7503102794109004,7.266205110009432,,7.797324976328889,8.377667845426197,6.847761191090738,0.9911376124719262,0.4125907814954144,6.061589440682082,9.047518116471064,5.472964102907817,3.7681106580042787,9.647531644862683,,3.753538742295058,2.966565656984389,1.911502581268576,5.369039726657142,3.785848723641707,10
7.550248740523413,0.15622592333417007,,1.9206233201252665,7.544505077437764,2.583011686834098,8.891905435490028,9.119743159763573,6.926874447838198,,9.35184321504394,8.050063281311806,3.108636991687704,2.246287138293739,2.5511640518297343,2.211343821242906,,,,7.159364915404517,1.125823298201497,,3.4330494265152813,5.877516709784272,7.614650715977449,9.121922183128932,2.02522134009247,4.479156590793289,0.3338796516723208,1.8498267486131392,2.7243569047718585,5.01315821982276,,,7.85534095526554,3.9421674688580532,8.974827058551401,6.942053720743308,,0.856773037030637,7.686218764689544,8.586609981226962,8.869932071379376,8.49998362588772,7.746351560570453,8.438733021205959,2.4357503924986714,0.7763483646013447,9.134344001932732,,2
6.900153492426177,9.041258903667488,0.9598558916489497,4.11383560028087,4.572585123837927,8.424669646903505,,4.084713996019849,8.61653807411001,,,7.0490861531346285,,8.683275096038717,,7.468024821956417,,,5.019889125544709,5.700355152786232,7.8428151535105695,,9.285935604678187,8.452799680370626,2.897928528571706,5.843212757473689,8.718496583098789,5.67804679135992,,7.206758575762326,2.273840521257906,9.426322415136339,,0.30159343133701166,7.178942661423468,8.716197901795145,0.1113328794059909,7.690294993174099,4.7921794136856715,8.097033061393951,9.703002830482177,2.3227571695595026,1.2426742766927312,4.733714885931969,8.553884707143354,0.06195980015401337,8.765540465905456,,7.43450287498585,,6
3.6211478691167107,2.2820776853527978,,6.691220574264285,4.7580907751393955,9.355492119722985,,0.2275761956549549,7.293135146713221,,,5.812018941973308,4.76446622365334,7.421104803302658,,3.4062881509434395,,3.189806557860341,,9.720151280464405,2.8353030341944008,5.65956808776709,8.82899292119966,1.4440499469724033,1.6721994855847244,6.308775313583346,2.075392171653556,8.846883405409564,,4.446254640550885,0.14898934976963152,4.009901464388279,4.834597486743002,,7.258040025571493,1.0140664208824224,3.0579933187279407,2.8904475534708087,,9.785270930178134,6.08453124169129,2.454758800312502,2.541493752159596,5.746277530976158,,9.146516997363456,4.232548926342369,,5.543659566736078,,10
1.469336404419156,7.103121519601724,2.421277831963412,5.096882445051218,6.66118117290948,5.661720325718812,2.492837743708268,2.465350233759165,9.256637355058622,8.729890841804304,8.881993713619282,6.5387560188236105,,4.353773919676267,,6.3772123856471055,,5.606373816421325,0.4639620622257279,3.140612161857695,6.465098646027134,,5.398680455462657,4.182893551001863,,0.9120762173008912,5.562088735293191,2.907279807517548,3.8596772949904476,1.6888902233384384,2.2835092592644557,2.4722384537250552,9.886940279214514,0.917245603406045,4.883363747974405,8.223735847217512,7.869697528506178,9.810752173084401,1.1607629155132904,8.854564499119657,1.010095186794192,3.5203173920095185,7.450047102408556,6.0910499630335675,1.9122642079469199,9.551332459618735,3.3533743776820013,,7.9632892399072555,,4
9.321909647956682,2.1886477111103853,,0.18320233740180325,3.599764267090068,7.106497812569201,5.928528040692998,2.0166454094701933,6.6804444191488335,2.100236710432739,,6.959891522732877,7.16662498430828,6.7410385080057775,0.03724715593389383,1.3543660815958314,,,,7.566003666782974,9.29598341389098,,4.679582988973215,1.657043924249123,7.729717464025891,2.31971592424531,6.63114116551251,9.130642774714968,4.937201545812738,0.7417871651402363,3.642475036934157,6.112141443658855,,6.777253784367546,2.4349388387686153,0.06755281616433129,8.900075312228129,5.970714784135072,,2.9642703616252475,7.2055215261680985,8.060053058442437,4.623074043635275,2.178097225661033,,3.147668050451883,6.390345026229479,,3.1722564961536093,3.854693571403925,2
5.951765368997237,6.075263129423786,,0.15971520682562024,1.5992615429199974,4.945893808662467,0.28484640938953754,0.05265254133788311,6.508496238096981,,9.99817218699847,2.1677063881569056,7.2349673615011465,5.177152996879231,1.8935941282263402,8.084784913623336,3.998626566410249,,3.1323853203649445,8.612286214004149,0.5344021324308712,,8.334272060105127,0.8820622756400021,9.170248956495438,9.54155950590714,1.7578797336587815,4.823639302900836,2.000426637512376,2.7488713075494275,3.2946037486457227,4.817865402616091,,0.5229119089298473,0.2787866887248702,8.1292509404538,7.512806637130679,8.630725577382853,,5.808628991068376,0.9100516326819075,5.204152760375363,4.439296352413885,8.581513669722762,9.096025939639292,1.4522848831019708,4.213591778823567,1.3991170786998497,0.10628449445243993,,2
2.655132027685342,0.5139273771024078,7.673783910883483,3.47664102196646,8.571489170445384,0.9666707169350108,9.400350525846857,4.0559684089139525,6.723034895458245,,5.043363292933765,5.531713986578528,1.1233457128285784,2.6038492262472057,,5.360435389705341,,,,2.0942896871506242,9.384425221441795,5.92736126422714,9.359712677798923,9.632614678258124,,1.0324602797522386,0.10123695798878729,4.910022581902496,0.06885464327099577,6.946271719596412,2.531941136850895,2.855994789161599,7.12846841612232,,6.8475834747761635,3.006804739402508,2.2854389497322583,0.5584204547837468,,3.1743153251940717,0.3010520527336735,0.206459882560861,5.252585637757209,3.4763727024558175,,6.357209653783374,4.209242331823711,,2.4736433154814774,3.383980539526701,9
8.750114160814542,7.262945335823197,,2.349328163415594,7.459270572682934,7.0101678546292145,,4.632115466161214,6.566777380210511,5.440248881325287,2.6515368516262616,0.038036842835721396,3.0020346897434305,1.3523544899437179,6.353646635220151,1.1046630018361259,,,,6.25434137346781,8.788596007676501,8.313110948149546,6.824968147723193,5.544288393785138,,3.283133746138515,3.2436068799263484,0.5467669624262739,,6.896225761935225,7.214142752781244,0.3865959932247831,9.045589223864413,,7.41727587077265,4.4419719912772395,2.75071959186028,2.0172222997597746,,4.8134315426670415,7.507968892205316,7.911354055771679,6.405498505473921,3.26653842448285,6.182267212015722,4.677320026075318,5.844966983103741,,1.5557030749137557,,1
