-6.576353743293284,-3.46755919875683,-3.203752011714279,-2.0220415268785707,-9.103110043587705,7.511886790034489,-3.163116789160277,-6.269954072105321,-2.8843821808560497,1.0063727515690035,-1.8791337794039293,-5.545299415052489,-1.004684006118982,-9.949313306115057,-4.8621073214678106,-7.4952999094018065,-3.895553695032916,5.9741128706942925,-4.8280570022220415,0.730513473748603,-2.7542829246697496,-5.4712811481665735,-9.67152564521303,-2.297053224853082,0.47318434322130676,4.54721072452145,4.596989594683652,-2.0944268057838746,-2.363127533641469,-1.0501379980760372,-7.264852639413854,-4.002728797258409,-9.618315945470664,-2.5782043840600526,-5.686486235198664,5.661383255379615,-8.732199822731278,-5.331879892029231,-5.810563949442313,7.508523378922504,-5.913399151548459,8.014922527399534,-6.934713926852053,-1.3192627750569255,-3.2269196689615054,-0.3504229084986328,-5.653245193870059,-1.3216306863964622,1.2032882352179064,-8.245380701797465,2
-7.206722430208376,-5.634057610418594,-0.8607511261802898,-2.4440195040448733,-0.7549671513679854,5.395125912882239,-6.4128051597507305,-1.7840833406026242,-2.353882515874524,5.982927502682006,-5.5157579488724116,-4.5612205298500665,-6.811500968216144,-3.8778060791443156,-0.5217387975286769,-8.019598393115624,-4.894335578100412,2.7511380157100485,-0.8221628473436056,5.6391158062923585,-6.066599852753725,-4.150122242244942,-3.6303779699679684,-4.69468059766754,7.224910306814914,6.526417397798916,7.592316113665691,-3.7601900754645836,-7.389526974127928,-4.327929067721785,-7.399701484867611,-1.0622566529804836,-1.3211782417943425,-7.125115559397623,-0.8690042191069107,1.261806062466424,-8.073531254047575,-6.966727317450724,-2.4344076825986294,4.565435804254091,-2.710695086968519,4.83393492506546,-0.1484299091578407,-5.030293544158,-1.390631535082072,-3.7621801659907845,-2.09303748671892,-4.879716990842972,5.046787832493456,-1.0103911340261789,4
-2.836759690383616,-8.0273687059243,-2.552535700719364,-4.1505651695865255,-8.423854395022142,9.818603034993844,-2.201440466694481,-7.296925251517488,-4.590651243791984,4.650965500382447,-9.081321720110772,-2.596110179598595,-5.684319664228081,-2.121967159641459,-1.5927557871704945,-6.761997073241184,-5.248293912431538,5.8944947921205575,-6.937901333413976,4.63672717801752,-3.673863711841859,-6.308223110396098,-8.779550306397221,-4.28109471055198,3.967075364403571,9.197963242320547,3.153648977080352,-4.386511313916165,-9.46171985225994,-3.893963094088308,-3.1005207354880184,-1.0129269176571825,-1.7917964216930162,-1.727720118100729,-1.4891582727861667,5.313228041929083,-1.4285620931515624,-3.917900970659474,-0.14613283430156443,2.8472029889151482,-5.313472774244962,2.382834670396626,-7.417623392020035,-8.399804670505187,-4.821405144104167,-9.382257923511906,-5.118713043735182,-7.006072489934812,9.726987988604206,-9.602607300772227,7
-7.5858874806360355,-4.286931093934447,-6.083234295695399,-5.208944721908066,-7.613452374232615,7.539445252490039,-4.422271168127535,-5.1982540597773,-3.201712391016274,6.325072889320648,-1.3990449884676188,-3.4054295945329365,-0.6788831033115592,-9.47317732531154,-4.070214793567565,-1.8969502017210083,-4.709132591356122,5.996874288859926,-4.256357203573053,2.113510926331302,-7.87475813025452,-9.034691113563264,-1.96647264085043,-6.621381109885792,1.6727896405130327,3.876084000030653,6.151698847634237,-7.235834510110459,-8.489864870707232,-6.946702268933248,-0.28360967390014835,-2.1847461755029443,-2.125353477205185,-1.1716933026399836,-6.255080501674496,4.123234041618693,-5.398747616361968,-3.8715613222000256,-0.66234049014178,6.9894280476200095,-3.521421672445096,5.4424032467305485,-2.824626725466766,-7.909829878312216,-0.5950571040587054,-4.5515341013632105,-4.42416701062835,-1.1303101824319004,1.5150252516362739,-7.484187035813664,3
-5.993982662091542,-4.136990844524506,-2.1798183117613714,-5.691428696920947,-5.625065998685964,4.226265931186283,-0.8340393447259782,-8.798891422180343,-5.264199620792196,6.296055774342658,-8.711003330456741,-7.7734615917184655,-2.895159347941969,-0.3774976803286325,-3.6642504580285333,-0.7277034151661947,-6.771161124346998,4.480957563645957,-5.488596318809856,0.9153237249634316,-3.2117186085717284,-4.513547758252009,-0.11937718939121744,-6.4347825654130295,4.786917214627218,8.88995373528277,1.0983884849647318,-2.9244031928383176,-9.614127984777461,-2.279869172157259,-6.690354831323741,-8.12448787246083,-4.512062232379494,-2.4314650372474063,-3.749646069391429,2.1537026429048223,-3.9676176661780547,-0.3922081813646585,-0.542950644322735,9.896995550203885,-0.5771369715109405,7.751390447689323,-2.1950070528663996,-4.772705361484242,-1.818902516253262,-4.947874407627774,-0.22351202690055239,-3.1671584821178183,1.1784640525637202,-5.387708379537292,1
-2.170103911322636,-0.48651889705129214,-8.581855497888336,-2.418267165463198,-2.937403634204631,4.409312890215459,-5.266855459821223,-4.747931310226425,-1.798892964871568,2.0189891856034468,-1.144470914599621,-7.387682899060898,-1.7551843944158776,-7.486725264334659,-7.86702258847043,-4.437136501379562,-6.8809415062581625,9.196650338194635,-3.6067410911213216,2.1171757542016523,-1.4928662593039697,-6.024351458047292,-2.449156508186432,-6.181246817663341,8.328283900176125,1.2924023546875707,8.959731733512003,-1.6025534027733386,-5.71744465410116,-4.949624889251584,-8.371006412122897,-2.382401499926292,-0.9532497224763397,-7.58871418441307,-6.017221747910666,1.1865586053537713,-9.387865208064028,-3.520460254441458,-9.92530128340704,8.321766366553092,-2.665876571758396,7.84642563380015,-4.893741322909312,-5.687927378673528,-2.7035182401295597,-7.461618438163131,-0.06695026473325605,-7.608539556179432,9.162690366524028,-5.469899389451257,3
-2.32457505087185,-6.44914184419556,-9.722338394759571,-1.377277356406438,-6.579945752589758,7.82114620508069,-9.427384281124615,-3.1214658343852903,-2.6867020986189782,8.30063954456797,-4.7413875682545665,-8.425530385756081,-0.21670672505499056,-5.321899253637644,-1.6407669688210582,-8.541149866142536,-3.5836849933306976,0.6331694051040349,-9.790281324785159,8.061975074542126,-0.637128266860941,-2.304080180603365,-6.909831306068353,-3.0844166910236037,9.882581768198055,6.371861457217496,4.827578417477573,-7.327660980203782,-0.3045131098656224,-2.101609589654502,-2.7611203326200995,-0.9240174630939801,-4.027902327998105,-0.5993688354852384,-4.88256170381514,3.056122538756867,-4.441027450749089,-3.98204437421486,-5.723694039597824,6.106373413746178,-3.9234726946254215,9.459978463476604,-1.9101971820930004,-3.534404097549187,-3.122375795195773,-1.5937550150866286,-0.06669557197268183,-1.5534648557310113,5.796397247461544,-9.06282450839557,6
-8.388434523243907,-1.2302478773726513,-0.15642634656595789,-3.4655718997090688,-4.581046951784752,2.716279054396167,-4.943562330277246,-7.169071447084095,-3.8227448789774883,9.33698516653655,-4.676123241868995,-8.987083343618862,-0.340716600564658,-3.4666141712114316,-8.333987475691565,-4.012285842972831,-7.694300021061893,0.15997439187510065,-4.54526697112901,7.549818333995298,-1.738523372077692,-5.209072464504436,-2.0531979141565895,-4.328023558608146,5.348102267112889,2.031724978385622,1.451505492583265,-2.5375794752704826,-2.9718647908742852,-2.6783344906673303,-3.0074200107376283,-2.911864345097955,-5.265872038692051,-4.547291994637268,-7.489361329663486,7.922495814066237,-9.413294593391416,-6.827297488640644,-0.9505327033403965,2.5289418333203963,-6.268492004666134,7.81261960050856,-8.130765363362789,-6.661251430003753,-5.164298005948024,-9.02926369279218,-2.0297285802799827,-2.546380127555463,9.477962570728558,-2.6456008954612154,0
-7.3543980085172205,-5.220854025038171,-0.2836951044179852,-9.556003968966456,-7.586416252462432,3.7272522002326425,-4.462755505967108,-8.423764010738292,-4.0217035890242006,2.814621651402116,-7.661587081248609,-9.417225685647171,-1.7247682353720268,-7.370210997119978,-8.417494249379118,-9.583886376090302,-6.9993287810198455,4.512685702745261,-1.5546495216120615,7.910510175027433,-8.047197586983293,-1.5895314851439792,-3.9117704389922228,-3.8758994505842237,5.008540347270839,7.112776495201403,3.8527104649201185,-6.24146109780098,-6.406846806869804,-8.840959012231806,-6.58102135451303,-1.7530760658192985,-0.9604135751476779,-4.902866076318864,-2.89491758508135,4.543885929323352,-7.301536319319245,-1.5081580665919176,-4.291155836206681,3.8663653619805505,-3.582667335337973,6.914405356869934,-4.729159350682748,-3.2638633662696854,-3.478746924067119,-5.549988938869496,-3.2695859106300844,-7.3981306881213085,8.797274707785038,-9.264339754065984,9
-7.693221366944565,-2.0591586949972918,-6.541242562656469,-1.4440881822223997,-8.927508337231922,6.3750345939409625,-3.3943200261986606,-7.8507283503749665,-7.963434435374982,1.9285312016577993,-5.890524600617192,-9.001013057358046,-7.998281748690931,-5.156589103920366,-8.549509740307712,-6.249045597394858,-6.378326459947235,8.974839884061511,-1.630261858421596,8.258961693941005,-7.0960491691603,-6.7635265402899005,-6.444845618920819,-9.849712571379994,0.13956498085454516,3.966483717196012,3.450356381940548,-0.8949024171752313,-7.586148663694571,-3.8498581731033887,-3.562015386012,-4.762094845105306,-1.0918973845598288,-7.847370291776908,-8.213637019643341,4.959433581562709,-1.6365496308548426,-8.681165622752905,-5.678808208807568,3.0566116688058145,-6.959559049175468,9.514001284859411,-5.4246861634960695,-0.962380740353872,-7.255553009655541,-4.887091767456374,-9.097780537011538,-8.31462494213253,4.891174958902358,-6.400299994278809,7
-1.0374956041010002,-9.999094250140326,-0.34585002355560057,-1.0093715195866668,-6.762876195132139,8.142992660220155,-2.945146971314264,-1.3807824509082245,-9.79318400389065,7.955595444291946,-2.6000574631744904,-6.098714730265431,-5.1706575599153055,-1.587472639660687,-1.6496615373764794,-0.8211401130702924,-9.319338733930348,9.47086202077421,-5.173646468296331,5.716740368527299,-1.903858362218383,-9.567630122865367,-8.85487362193095,-6.8528617778007455,1.6415543868001337,3.6334214516459165,8.204730986810242,-5.228870823936301,-9.525218992809553,-6.330039247421936,-2.734801672262849,-8.795993111455557,-2.9772196410608363,-0.15635204837249006,-3.229106276670448,0.3399870655448822,-0.7164862012394444,-1.8484931476547555,-0.555654522548565,5.661404256546945,-0.5897789434233687,9.511317083103568,-8.652398963956063,-4.272483362809662,-7.908717579651086,-2.2885584932484466,-9.225190068231194,-7.3085010180361,1.168223222208803,-5.332627742483645,0
-5.317347010904364,-1.0257292442907637,-5.451039788290507,-2.1146418342723337,-8.90236998777961,5.687403142248372,-5.663579019337969,-4.599235949985825,-8.566258254753624,9.937501291398474,-5.470990280459045,-4.123924051707095,-1.0486649657706764,-8.40888249968779,-5.953984234875602,-5.734319909880355,-2.2501412949518613,0.2474066762076077,-6.408478312981218,1.8792563432426401,-0.2813230456204021,-3.964669616936405,-5.540500980529447,-0.06810579457613741,0.4201520528110181,4.135867975040637,2.246592496276003,-2.5459502810007697,-1.0339894048939833,-9.15126873909627,-4.23595873005448,-4.672540559460873,-9.395315229648038,-9.813449599577133,-5.19319041617666,5.297972056181363,-0.0772392354427236,-1.867568730137764,-8.35475679306238,0.2580085758160866,-2.3901065338469794,8.107173474032939,-2.638280876958916,-4.707701038817884,-2.0079559493713326,-8.408302758294955,-0.5557643572701121,-1.3780679262125428,1.5201304666962734,-0.6984021060216179,10
-8.603328007810163,-3.5742848351981475,-6.064106819554595,-9.387004160276442,-1.5375866833926093,9.75428980000589,-5.028247369485021,-1.6913901088686565,-3.449780411838489,2.285196105895447,-0.5602021916381545,-2.712409628097614,-9.143978207949813,-6.813695742822522,-5.4429865075547825,-5.417121734868916,-2.417107963462449,5.027433396724339,-9.28715854498664,4.402796973687455,-9.479612395733643,-7.22630645803042,-7.901712343234177,-7.399516064924098,5.251932146328329,1.726592737389614,1.144066268337952,-6.62179111968123,-4.991551801176167,-7.053548439544363,-7.676794914047946,-7.077997133180873,-7.637074034850305,-7.045463826574483,-6.598439933945333,3.361929709660001,-5.581871763963987,-9.582336939289313,-1.7679940013073114,9.026363552140559,-8.304883864695316,0.3494896522777058,-6.2417048520937835,-2.2285320845634136,-6.062360163648799,-6.50566699017828,-4.038564288141192,-3.539032999156035,8.045748741943079,-8.073412960313453,9
-3.5127368232538316,-7.394916119555552,-6.42581105180353,-4.396206032586978,-5.280335148787133,3.9487045976345305,-0.26264144322804306,-8.512027148117099,-8.280256880075015,5.7015818777226,-0.6000670765965328,-9.850490714921659,-3.888239876036663,-5.547597828779407,-7.341864337013416,-3.613629305453868,-2.627723350701113,2.8529796587469693,-5.4722272906902605,6.12328275389673,-2.7237626434592777,-1.6649730221884003,-7.740020267506625,-5.961473822502279,2.5073124198728935,9.226890950857893,6.1518564722065285,-1.8744873894011143,-6.56860090125583,-0.324749991410588,-2.7403707314056716,-1.0142595221333757,-2.2352073146527847,-0.9284938959384252,-2.036809875485691,4.099296088086155,-3.3127228102681103,-4.098506223813432,-5.158696327694354,6.252117435458141,-7.179878047466918,0.6617296389537808,-0.3133554331725783,-7.22114088879834,-8.99831659424583,-0.023813245826573848,-7.7680882325970515,-5.253141817279871,1.1117108090911965,-0.08081160620939798,3
-6.5913707435416145,-9.738273868582963,-7.4833548747581595,-8.060871209395465,-3.142525589067656,2.9547220949146604,-1.0019277217785945,-3.2833763231008204,-1.842414451920055,9.800320249774558,-7.507238175884997,-8.949342347698394,-5.525896074960606,-3.156606633642065,-4.110273863078132,-5.680126313199772,-0.15759405079560906,3.384868599820031,-0.4457276864690414,7.899959055017996,-4.6282698608064,-5.097426727482545,-0.8343562986013779,-0.7919235994823755,9.436815209439214,9.37455077344508,0.33537360805604655,-6.703536496728923,-4.287673702419594,-9.390020918773674,-9.76419839551782,-4.350981494373519,-8.561372660616371,-9.18112538522433,-4.419550618952738,5.75942798848175,-5.877647157042726,-1.747415902906443,-0.26041281089613477,4.72064355884295,-1.2995656879469681,1.6059098762987989,-0.04354088985793325,-1.8534513989741406,-1.2420612989710875,-2.1809739784794253,-8.237049885423662,-4.157765072593804,1.7534989193404582,-8.935276965717597,2
-0.5405267620550518,-7.830207371733251,-6.383550009131768,-9.240846475004048,-2.7295352453984165,5.6801755133469225,-5.135698448465215,-2.548248430843576,-7.633359389747719,6.787997724464732,-4.560992421511825,-0.22355963312473293,-4.36861245433347,-3.8728671426753634,-2.124970925407429,-3.200098079353161,-1.000697761088091,7.433444876725637,-1.6221793706076717,5.8043067680874145,-8.837856981443407,-4.727665894691596,-7.3519278457496,-0.7480807959299582,6.052252355655222,4.295692415082328,6.342379844178553,-8.871419899541813,-7.734307153656401,-3.402096577945409,-2.8764394775348334,-1.181136257609884,-5.3864556023171435,-5.912808915374454,-5.316832335463884,0.2873271311149994,-5.02121132395887,-4.642827153533337,-7.114502781885012,9.450214649113146,-2.6151166399785577,9.728048852042141,-0.41497444348504864,-6.9301483885896715,-1.6209871434834309,-7.194940373161857,-4.242579491056313,-9.020203748884523,5.674547219265795,-6.568744764056592,9
-0.6859781060569929,-7.270494014813024,-3.8016328512245767,-3.700926616226049,-2.0266111576070145,3.5782072998985948,-7.173842503683504,-5.217819496092936,-9.799419497749975,2.468697475504049,-7.361105252352445,-9.892331240955924,-0.4043929534269193,-2.6341213268720622,-5.419858260803506,-7.232148100597177,-7.046473650020303,2.133832705577036,-7.153593555278518,5.702617571340519,-0.29815674239152656,-2.778144490808274,-8.477176336881914,-2.801903788995821,2.06846206297835,9.005332069940863,0.06717432918110555,-2.124858644494264,-5.057472950848031,-8.952849652873365,-0.017164393583342985,-9.707127100994335,-2.1464208316296753,-0.8835244185630291,-1.5687645598305124,4.94662300704062,-7.215499290033815,-7.882387156958862,-4.261864387032048,8.88441598355374,-1.5164114803539785,1.1436343005399408,-4.733351194250977,-7.570346047101878,-8.154874859575251,-5.447023124514377,-7.933665247575307,-8.173204674824033,0.851108222940099,-0.10013483327121442,4
-1.5267391934908048,-9.087883719164445,-2.246039536990395,-3.3491359200198056,-7.363047264760237,2.3695486406421873,-6.084053520431053,-3.605833825683379,-7.410612353264479,8.125735484786109,-7.713660287521977,-3.624743395064396,-1.8799790132415275,-0.8900677397993704,-5.556449854500414,-3.226523911466658,-5.598360139265436,0.793305322496024,-0.08339635273995682,6.315762535722168,-3.9498648927932685,-2.1745596304611396,-5.190441913708841,-1.572370191502225,0.1551064151028958,6.479030648431196,6.390846835764109,-8.334544320463044,-2.121491346650446,-1.8019115792526517,-5.491832539818633,-4.343815595178002,-0.8978385514907004,-6.092852894363906,-3.2118930029005384,5.2380450670135215,-9.79240004431694,-4.573467638789638,-1.0953256146967654,8.146148943212705,-6.798000137199674,1.6564793218366924,-2.224401679953494,-9.80445224896808,-3.646547059324501,-2.0087504874016835,-2.3373294159932865,-3.805202625009371,8.440317701969763,-0.970723400874574,8
-6.876309075863593,-4.7985866928228305,-8.77753999374401,-6.210116156091518,-0.6814405416458253,8.15619794448183,-5.2709444871580615,-5.87677315861357,-3.083649617727949,6.847441506212249,-1.20111106382622,-6.213029839574937,-2.3672459054990487,-4.933898558137702,-5.682652498134204,-2.771326284979118,-8.340501133688209,9.27333891224982,-8.889076233381795,8.367019346176164,-6.2585948928238615,-5.22832060474781,-1.1765441932397973,-5.766210377154485,3.294724361513781,2.1343674547325464,1.8056772705922264,-8.334344151968484,-7.690760318441942,-3.096941403857123,-9.041130618178654,-8.420219410207142,-4.062382683378005,-3.350494641551581,-7.455159446746085,8.100721800289932,-4.434793393867496,-7.053927593408208,-3.062405088747429,4.305440440354149,-2.1014557886438645,0.8993295524760891,-0.645905523470244,-8.618331119625008,-9.468812558930201,-0.5450767245317252,-9.897795221051934,-0.9667174422406077,7.534731962160791,-9.807311616492067,1
-8.295980004501622,-5.458794990373778,-9.950187282056158,-1.3283189021677106,-8.889043730324651,6.833154312033278,-6.218206584681017,-7.850955026388381,-5.497674545861395,5.730909429103556,-7.297338102392575,-7.560019846977201,-9.934070517210088,-2.0037502195955206,-6.471006797446828,-7.6875889161591795,-6.210165339874333,8.027540388031875,-5.928483138322078,4.762767840776121,-1.9945884762901809,-6.6250282917170065,-4.966934104095571,-6.045192791248315,1.1320989645515644,5.568498636699159,4.4934229145471125,-4.994074439263577,-5.32066393926983,-5.80014653934326,-4.363185910843562,-6.2852871949912545,-6.783014920047502,-1.9468416950864338,-4.356463777112819,9.129235732576985,-2.4667885142499912,-5.635288526700779,-0.5454169130839261,7.807037666741856,-0.4025355447715171,6.066272116900176,-2.2727961625276683,-2.8731671616522725,-4.096993565305388,-5.870034400623866,-0.6960999209043823,-9.455496755262843,4.680199245086948,-5.220453434355545,0
-9.971044327618742,-3.177201239432163,-2.7956026988690894,-4.798393007839829,-3.5490956413540706,1.4906618894922197,-2.1164592757109046,-4.739777853226411,-3.729579256380873,2.9016273918424518,-4.844482203973569,-6.193823221530846,-2.265020477558628,-5.891810430033137,-6.6240280588795155,-3.59735211500454,-2.021905384575671,0.08813924739412893,-3.3022322591263187,8.530989721621232,-7.037911493397463,-8.874733959908234,-8.608569573497451,-3.9083122362953358,2.516307323403235,4.345915022770663,4.220970283148264,-4.700727151101302,-1.6592238271624051,-1.298293967768835,-9.323287001221946,-4.335960802353503,-2.089311950036228,-9.908846852614186,-1.9543545182746183,0.2545102830633661,-8.523552073735814,-2.5923422261195617,-0.8771242880485399,8.04272644601583,-5.612453321228287,2.599888562153958,-1.590120086723223,-9.110027771206283,-7.7885161946233294,-2.1852694834148965,-8.817066506181789,-9.02670460846489,4.91807713769964,-7.955146355347761,1
-6.666815086962085,-9.79025514146033,-8.941079017365764,-2.040308404781916,-2.137148785988229,2.3318296250572814,-1.1191903733816453,-7.776342513176332,-0.8089929015007247,9.421152363782097,-0.20297190755375638,-6.52174570865749,-5.346998638324766,-4.971305247027137,-3.815216956904024,-9.43693999508031,-4.792912264530859,6.992635069740024,-5.066920290766793,5.831154999952362,-7.057306506262044,-3.3467607963207,-8.399274202749039,-8.344848565772429,6.325754925179085,3.9105713177040666,4.948345125692884,-5.0632365282682095,-6.088389880587455,-8.261763200942495,-6.637578967167053,-1.0202512191334403,-4.136368128708552,-8.406186434043054,-1.5557056005433996,9.934177586235274,-6.247038701533613,-0.45086209980471104,-4.656653429263269,6.193904720035337,-7.5946790692443855,8.996171574620655,-9.906801800693417,-7.933881228243581,-2.5544251437349903,-4.915517911010073,-0.10694534885812601,-2.633313841948369,0.7418205498708663,-3.710244486225598,10
-4.251473490304436,-1.1239625160066744,-0.40605858421276153,-8.963058809134797,-4.125922540220163,9.141788598065789,-1.3312237328379855,-9.57925081093823,-4.792124472564869,4.341596871430513,-8.0425262005207,-9.748571514997238,-7.861125491306876,-0.7793834328921783,-2.3601825242174055,-4.983308682571348,-4.58731513628762,7.784938017173371,-7.200543174129031,4.514079896272421,-3.6498999965884584,-7.2681757676152,-3.7844737606131327,-6.09716136298566,7.387198369743474,8.557707848155308,4.111978037641664,-8.753665362199094,-3.903362066202507,-3.996865812068461,-6.622140897204942,-5.518269846750281,-9.547126277665615,-3.4307152932900404,-0.9523311620955006,0.593730049027944,-0.5571653650877302,-3.6627206214984342,-1.2322473476416995,3.8809812258229,-9.513571088409307,9.866617896977036,-8.622547348559209,-5.302060520370802,-2.985126433489887,-2.9699099371152684,-7.14940173511872,-5.474735343479885,0.21660664633228355,-5.2064380923553255,3
-2.771353047929783,-5.401142308713752,-1.918024701548088,-9.873771728104071,-2.5739844444681728,4.439970439627341,-6.95205198153146,-4.200670830187859,-7.838198890722213,3.2736031954597355,-2.343663187210555,-6.928991096173727,-6.365306036331333,-6.234827495978132,-5.957183651633499,-4.038117320716884,-8.881613615877349,1.0914361345983026,-1.5175482169622594,6.421275297718165,-8.20131232387923,-1.7501692449301416,-9.346820387793809,-3.68178392380075,8.15248645190451,3.648443513336468,1.3552070721045384,-0.6336173921700201,-8.268490037145067,-4.470178210607943,-6.211116396569393,-0.914707656150938,-9.882805327852283,-9.963119495057839,-9.147174407183666,6.584493222035111,-8.675820084591818,-1.3919616450197143,-5.9558837512576845,0.1845070944464844,-2.82746428080796,8.713122208516722,-0.4038023251853122,-0.3426651952338915,-8.97138483979546,-2.038734742793161,-6.19329166856843,-4.748316870675394,6.22988716920233,-5.881608502552037,3
-9.442491508518286,-7.1852219371652595,-8.862833329532172,-8.277453391980972,-0.6343279002892714,3.7578301083964236,-6.941002545637211,-3.442977594352124,-1.6202392512069643,3.2494654012035684,-3.765476117467488,-8.532272508873403,-3.5660999898971424,-4.935117303079056,-8.96970940430046,-6.683492316623781,-2.798002390080793,5.48616202430643,-2.657635325603918,5.771855234196393,-6.579326231413565,-6.245295288162865,-2.1515148962509603,-5.811206109591383,9.882694550216284,0.1875620903304287,8.512721083317569,-2.7075465037722113,-0.2617852631445885,-2.2892152986840646,-7.457532138554072,-9.31096117923863,-1.8303695520033951,-0.576605992685101,-3.2481504166839548,8.177131994346587,-7.588417589570067,-9.42942040126897,-4.454972532280043,0.4319575610530757,-9.314792452248753,3.78858849547186,-0.37420322336436485,-3.603379594155392,-4.269307933222754,-6.046094932904741,-1.4099991783434458,-3.3934885078239843,4.622446302623747,-8.523850526948872,3
-3.7375271496907336,-8.124309999520515,-6.7744671944141945,-4.729176707864999,-2.5975904144881987,0.4081910724579385,-3.7610959015740892,-7.626400807120344,-7.612657804588608,2.6162128734244803,-5.482500074353879,-2.289483761667011,-3.9277986294117486,-5.33906412702297,-4.379252638242343,-9.422280095017543,-9.411985219243528,9.730573299227695,-7.296464520866836,0.959448384888616,-1.912927774573367,-0.8550537538402931,-5.269459194919048,-5.317504888646692,4.946215070284064,9.895565592355814,3.9208440775895106,-2.9019143311389257,-3.867313468690875,-7.7797347171088385,-8.312680884576253,-0.9149140648954894,-8.94885971232159,-9.447668968656194,-0.4083316116153455,8.749350643828391,-5.287062283297241,-0.33394013267671774,-6.97965708650576,5.022753705594037,-3.8963923076674654,5.218372905832699,-3.9669185798084534,-8.768898184494246,-6.773180571482245,-0.10430709728984944,-6.472896491215266,-6.06447088921236,9.395802118632588,-3.458234959173197,1
-3.7744924259757244,-8.051505411445635,-9.514154937553663,-7.822310778932387,-8.45063309499891,0.5003338067638918,-1.4800176119833424,-4.0749611519112205,-7.948667954929045,9.603298488829857,-2.9521087281839495,-8.153618080148997,-1.131043510898719,-1.4095890368810196,-3.467199356951541,-7.6916763641769235,-3.9484780514209703,6.534544811161796,-8.271351124279558,9.415027663781746,-2.8918771197332616,-2.2956333031245464,-4.396562524348658,-4.9290839456402855,3.3550101743470098,5.303761476739361,8.963066501988061,-5.163636509271036,-9.683866328631913,-2.7884541230600863,-5.274711731680868,-4.653505042361653,-2.069538864946761,-1.740627606608653,-2.0089469454432454,7.56597641450088,-2.1445092129055148,-7.080178697884384,-3.1499062532838398,2.300073552511608,-0.5752837994163311,2.3656515361790067,-6.123432144187868,-8.595128882753624,-3.6925570598936988,-5.309761939063447,-9.880173168225708,-5.778939153080706,8.98034475109297,-0.931915786091702,7
-7.070892406025421,-2.739029557376509,-3.483282108507516,-2.66258514242093,-3.0307925969556857,3.436739658601721,-4.269945702088145,-6.6401005539490185,-4.401104626951726,5.985865935759358,-2.507281421523336,-0.6072399053715376,-2.847041852312686,-9.733922445860399,-7.5731545315486475,-1.676980740805364,-9.810629489206189,7.934841104785203,-2.8448079167760447,5.2074245701423285,-5.670856357715439,-6.320109340608533,-9.184063017892178,-8.836701008141857,0.6844332662246155,9.084819901242524,3.287246358755681,-6.2218107110772625,-4.00835130073427,-3.7861812473390453,-2.4439734127506005,-7.310766270731173,-3.788976298246892,-6.785724549882453,-5.160534207839861,3.033882178132327,-1.4012803812378198,-0.9602404702238267,-9.071847156513531,9.999114483050954,-0.8168873591488826,1.1625441936786751,-9.973754672189058,-9.936921077462305,-1.799677230315261,-9.693539875562923,-1.4919709744538459,-4.334516532208257,3.3490084252409646,-7.615414915632655,8
-9.66675308238345,-6.036170320873336,-9.041966841774471,-9.595887322385805,-6.731782977619006,4.673066200789593,-5.044252138580877,-8.52336359480369,-3.496771227652383,6.278710973510664,-5.0827873994932045,-8.245750393925409,-9.567238761338658,-6.036745517980843,-0.45243798805695334,-4.778633399113951,-2.734413680999773,1.9629815773049386,-0.2878341055173923,7.3230575809206755,-6.647671411901834,-2.661323751238603,-9.845442215731131,-2.2095404002103542,2.9357680510136297,1.099615816992896,0.1519938543862509,-5.34565225908665,-5.255189263701268,-5.469830576698676,-3.035470868487254,-6.724801285892925,-3.289464928403519,-4.640562270379009,-1.3966161291109067,6.190216419840093,-9.505653894735842,-2.081724090056775,-4.98565187612893,4.958998901051833,-6.607130848824893,7.5364797308312355,-9.385933535068272,-3.678335961569487,-8.943042431563697,-4.745634086180555,-0.7822741653248713,-7.088242684199754,7.909280179741121,-9.746023142977359,4
-7.711247338509189,-7.289997696722487,-1.4097234375076688,-7.99705253117196,-3.036565538301206,7.153667490426346,-1.6354075118626863,-6.688480231515755,-1.0988753621294975,1.8006551891275713,-5.5771318498702165,-1.1161161455053783,-3.738821034643758,-9.095675531645227,-7.167604524292145,-8.274010906595265,-6.959256119182518,3.281310378613862,-4.573861026616425,0.7741358687569877,-3.8623263142920274,-6.670003544622338,-2.692020468588008,-4.566922324082406,6.038656006510349,0.2988392390762806,1.3470666655688712,-9.745008731569985,-2.2616280625757677,-4.144465874793259,-7.324301116043069,-6.0820733801347195,-7.076976671746032,-8.430559868649773,-2.2538051249646687,3.557647909942826,-2.998446223769486,-7.107015875536266,-0.8490190662199915,7.118187593458197,-5.7250938843608346,2.7732499645268884,-9.851242020558994,-2.164580043136736,-7.082710800819467,-2.8215687376376586,-1.8756120962957983,-1.7317870891741798,4.038072286049737,-8.645409622028472,1
-3.55232336125405,-4.780446389082963,-3.8698743764898893,-0.10936511972483132,-0.29614000555342557,8.502213058046326,-9.209262891097678,-5.966880727464147,-9.638677631264184,9.271619627511697,-1.322941384961089,-5.986310720312868,-4.184539379577709,-5.792628168965685,-9.008138233956727,-3.803274605242354,-5.456794610210919,2.2320213449873885,-8.02626114255963,8.613663977532592,-6.005209573217536,-8.159390164890798,-5.101499131802946,-5.512622145104191,2.6253103183247717,7.523773615250121,8.30971284538449,-2.8609709746370315,-8.071123407703563,-0.06942321088899739,-9.02585021950532,-5.982427043496533,-4.5618593665585045,-4.360147232156692,-0.24947852545374793,5.869387520292326,-4.733578575731809,-8.144991509389131,-4.854793751501438,0.6269492766261653,-9.997920928254215,2.782492391512572,-5.449774556480217,-2.385129020377102,-0.7437661541685134,-4.675261550979318,-4.926332448231413,-3.344600013653877,4.196168819285536,-0.19965463318336596,9
-1.0364311609567665,-7.948315685847275,-2.3106927909637767,-2.02234608607184,-7.105124220768399,8.545532327887885,-8.019661600152642,-7.176811167549202,-9.50910554208783,2.2827035997921286,-7.4619156247948215,-2.500114799746455,-7.179983977840083,-9.900241730222222,-9.97502214183341,-2.823332201674428,-8.141815420196988,9.578157593713676,-3.094558455064851,7.874162065080581,-2.6824387130912166,-1.5455289663544693,-8.204332651621119,-7.96515886880459,5.658748461973175,5.74445613946626,4.752581719329568,-5.565565028284569,-6.861778008456191,-3.0969531916161595,-6.566627720556555,-6.6997780946117755,-9.562712616512508,-8.705123723645189,-9.317772130191786,1.0106296558585115,-3.832943263896162,-5.3382034619530785,-8.804179631652575,4.191967194030894,-2.898947039005093,6.128949060779805,-4.678443203045757,-9.379804806016757,-8.331095492055834,-9.206978657885402,-3.2725316570211405,-8.605585394205116,9.792072216975203,-2.275206808126793,1
-2.0739941676896176,-9.17460889046422,-4.061676248769846,-4.884868743281951,-2.66272601924576,6.668239403545728,-9.42673933808954,-4.541767797817265,-9.882881359759473,3.6932078738450915,-5.992046428466877,-7.5909419491281565,-8.856062892909025,-1.7580249564046415,-4.709333272347608,-5.779056324224083,-5.047909906656507,5.369492712410384,-4.2572020141524085,7.538495955817699,-3.490774398172701,-3.5248976838431414,-9.022879988446709,-7.132425349566775,3.129189988342007,2.2934426333105975,9.09999927510406,-4.177324399609112,-7.77882430767983,-1.792367180342577,-8.241905634076184,-9.948540715601904,-9.992235030518712,-0.8894981461520004,-2.854934831134698,6.809189454520189,-9.312792702477463,-4.393220429561406,-6.005359109452332,7.853153386906575,-7.508731439217094,7.244377634192235,-3.0031844573100654,-8.295769150423785,-9.073444954745973,-2.427740397265378,-6.447341605787555,-0.6035929228017931,5.46382950789054,-5.7554751402943785,0
-9.9804170607916,-1.7566254726230284,-0.262879334658189,-1.6244377616496877,-8.18553719582921,1.6338714424090262,-6.768342043793579,-9.44924152526279,-1.9803186907594998,2.4672714762278813,-8.628851689696488,-1.8775953139097155,-1.0074944462612052,-4.6321895959240305,-2.4150552747564458,-1.4239664783604251,-8.837126954798745,0.6427723230530336,-6.228029979148438,1.457458293554118,-5.3763936403518064,-9.610705145909172,-9.97372748738843,-8.364353968831216,3.714874318542659,1.7244863223254092,0.021755796464044685,-1.813438810616951,-0.23716364363172637,-7.432153192540788,-2.6650179210596923,-0.38838208732773083,-3.259086488622045,-9.221433257516207,-4.968303871902836,2.9604508660951536,-9.483862722106693,-1.5957765052400088,-2.852279605145604,2.662073527533737,-3.10328784497801,8.490699131196621,-6.040019449309225,-3.6239177109793896,-8.995353538433227,-5.67026761700898,-7.21979282695166,-2.175774618066396,6.655361603733272,-3.1647070747021564,9
-1.2562720311480486,-6.637247016649449,-9.472090691135925,-9.45419222875778,-8.159286331756036,0.9864227270025416,-3.5292278961047874,-3.5640617504625407,-1.8416735936762123,1.5570457707206153,-4.302992421249914,-8.962841487114531,-7.858808529183174,-5.610955239430913,-5.440264436932636,-9.911213815784699,-0.5696825435986863,9.690364442747784,-9.265077135703107,9.690719861697012,-6.053963656530838,-6.112025705221516,-1.998312736924948,-3.638146209908591,6.957912259415665,2.726997872714824,7.860581984701183,-5.391852247895519,-7.1223490020810845,-6.6378178038948334,-6.090193581397536,-9.230859160702508,-8.660677892521532,-1.4063821734950075,-2.9947567201555056,5.840730912041357,-0.39137302377774397,-9.505646457393764,-5.179110875753208,9.794502766634052,-5.101823452742646,5.686690897602219,-1.2277472158451292,-0.13400023547124285,-8.709298728251584,-4.2462666554530895,-7.3215420773462245,-1.9294695220413498,4.437664219066448,-3.6904038715413723,1
-6.589355007862627,-8.786572770155185,-0.471751446987712,-3.574542653732385,-9.805896259846428,2.5291445885825334,-0.48950715637596076,-7.001853883663012,-5.994556921040401,7.396247477224519,-3.6406377361755613,-5.569363118749553,-9.967231188676166,-4.9986399866687945,-4.196936324050276,-9.439657309582117,-2.8490192509115158,8.01916949866526,-2.528995980862078,1.861286628008233,-5.772276409572629,-1.8445124621395852,-6.101217978004147,-1.49973053154344,0.6650125633026949,2.497680094439235,5.574058184056038,-3.4968687534038176,-9.696246332926505,-1.0594009375196496,-3.167885312336688,-7.91939035794555,-4.888169054999346,-5.430377012984873,-3.146036035908754,4.544968236775807,-2.961343395071565,-4.049099910231987,-6.156628934150248,3.948261460044622,-3.12573385896488,0.04694724231664171,-2.5157582525608237,-0.5300702983846985,-6.901272441854172,-2.182568203717307,-5.738049502474291,-0.6211942753539805,1.328124111314667,-0.6319641464732868,4
-2.3039701399337016,-7.257508598918379,-0.4471644585193637,-8.388808271280102,-3.9528289616427417,7.642312463974942,-3.3701260322388835,-6.871352108031096,-0.5758494212671312,4.505330556607882,-1.0721899683155556,-2.106944596253352,-6.177249161342322,-5.968785526894635,-8.678673951408935,-2.293761176943107,-6.411453811095692,8.249328256407711,-2.0309833867564473,0.4313754844962181,-4.696026224017762,-2.3773163820588294,-7.464103668372626,-6.831893852994976,4.90892782382165,5.28799914563807,9.600955599784434,-9.01747031723168,-3.244085926709336,-6.381756004511079,-8.488119463736485,-0.42282378712121726,-8.16250281381264,-5.159974102962188,-5.503576106180387,3.5338862431032014,-0.9937438168265214,-5.587128954299974,-7.359695152843688,8.689526437433965,-1.893057537819514,6.201975130571313,-3.895480327733152,-5.054261047156221,-1.0339157324633437,-5.314538548124109,-1.6009365447179782,-9.640124114822077,1.8758238030411023,-2.3205232769959485,6
-6.171340060560359,-9.80946711817996,-2.6408767021289625,-2.172694717253676,-6.497956143988875,9.36830673248782,-8.861167994221752,-6.799259602246685,-8.750367018503727,4.554398541792101,-0.6697084468737167,-8.538851005846773,-6.928989153493435,-7.815837443893803,-4.095159210423336,-1.158822634318323,-5.197652483142416,3.4487736660519905,-8.340975121504567,9.045060251599377,-8.838414181322456,-7.711259217579941,-2.6461331087105844,-3.8790118725943454,8.716290179855545,9.517143082187774,1.843498562542757,-8.806321026371215,-3.357381922313712,-6.772844357066448,-3.5628025332925404,-5.717694062273605,-0.0030393620676001376,-8.790733710113779,-2.6842576241910336,8.92522899827045,-5.704101679313532,-0.8795538966488987,-3.5687680084842075,3.677090473166935,-5.084458025421786,3.551916571831042,-0.9269166110940059,-5.921442937795555,-4.385907548215387,-0.773447893473648,-1.3431784012729082,-1.140438478537833,8.43252671543391,-3.10597212888859,2
-3.3758757466071003,-7.140226100344648,-1.4885067306878703,-5.487097872517954,-5.580600645398901,3.279019261600337,-5.829315967588658,-4.992231473461553,-7.0879681976002225,8.3561142697777,-0.5788686394622307,-2.8374972299548293,-6.245561808197598,-1.1049739305243769,-0.6255067012858504,-4.127692923345546,-9.321846476755745,4.186143605695082,-0.3371303900650666,6.73418278143986,-2.362756963305185,-5.831886553670019,-6.881764010654756,-8.93278349875458,6.725306438218861,1.4037401606430167,5.436611914809847,-8.297198637497187,-6.1193153780960765,-9.302230327513616,-6.7712433655917605,-0.12737373696704068,-3.3245491250121315,-0.25328532188532726,-7.157387642029631,8.217293055837711,-7.258978715520062,-9.27383390178488,-9.002896272766279,3.273776444205976,-4.337292349115192,5.015293221613193,-2.492270663407128,-0.015083897556483095,-9.705184915465109,-6.998816803320089,-0.5876732607644009,-5.947009995993644,8.030279661016857,-9.576332095631159,3
-6.818337117439432,-3.628739954823783,-6.163180073623888,-6.161415023404453,-4.577489815788029,8.796396427187405,-4.113937580590927,-0.948645168640482,-4.2496996720824995,7.421078583580941,-5.416969300209496,-4.446604257314487,-7.764267348910421,-2.0198945855150994,-5.119517171747212,-7.9655994620141355,-7.913889486873543,2.718279308608198,-8.380040106751242,9.059161571409858,-3.3319953134997116,-6.0551062848639505,-1.8675554525551057,-8.987814795454725,6.222592365841308,5.121563501390413,8.826160091050564,-1.5112675947619518,-8.587112724966763,-1.8613445425108992,-6.554251553006828,-6.4978014965397515,-6.095890621295734,-6.995308792141165,-5.361434264830506,7.309379989223984,-0.8853085210698062,-3.379901394932979,-8.026426497053373,9.650085502870002,-4.0469223895907644,3.6893146305177558,-2.541506879318373,-1.1853479214952571,-5.968757809249512,-1.2672531854778217,-9.383883236057498,-2.52214249100723,2.6258624907862305,-7.932906823312862,3
-3.6790024867181543,-6.575378091939861,-2.8740504653964134,-4.066936986117843,-5.405969114954195,6.456247331634225,-4.169295666991876,-8.59447803211684,-8.628060260798817,6.182009589811567,-7.856191106163754,-4.709401456485285,-6.504945278653745,-6.318248110844051,-9.953680559048259,-6.173621133971439,-6.222966433433678,3.568901176131327,-8.823952883560544,2.6364285914754015,-5.625780214001902,-1.4156420251960231,-1.406556838354435,-7.533111970341404,2.6244721542166563,3.573966000142822,7.000653581927,-1.559584796194308,-9.947158193164382,-7.168819028653751,-4.435277009516768,-7.641546013642277,-3.0838907358993044,-8.489378668440226,-7.589653763761434,8.150481731265623,-9.602861821131592,-9.744979158640344,-9.26540825599052,4.814564890977228,-5.0544934056677455,8.53864159121086,-9.013819339220966,-1.4292411520053534,-3.8153783462334143,-8.862812469191127,-0.4919855264435107,-5.224041220058158,2.4378895467382256,-4.9310319635232425,2
-6.455804339847994,-1.1801522829024425,-3.1782699683501905,-7.362011512659368,-3.161510867728607,4.49195025813235,-4.634753641601503,-4.85388970297746,-4.716123073981589,5.374050330987339,-4.72552236963928,-5.858312970043311,-0.4328284138254208,-8.259766944556553,-3.1210608791498284,-5.891212752051766,-3.6462822455453043,9.329429827703912,-2.9448315673879364,8.895779461368015,-7.641821234248414,-2.9556852481989084,-3.7462450806814633,-2.494959590902722,1.4823591837063854,2.194763057930257,9.06568601378879,-0.48295689310739576,-1.2554472285527325,-0.6916112240921688,-4.460644901492472,-1.896926520071812,-4.448573382930387,-5.112387023510275,-0.327323059016873,1.1258402393332356,-2.4982758239292435,-2.1852400781763954,-0.6071162633569607,5.019532280126784,-1.2385707059870192,6.444572210134875,-9.850083356386621,-1.8154195773820163,-7.491818232716321,-5.447211063736532,-2.8352251338051815,-8.752478000827328,9.80490018366718,-0.9085552126196692,9
-5.372437323708553,-8.96906411187203,-7.963193334798414,-0.3097821472040092,-5.448469994054283,0.02722366083421579,-6.441880799247936,-3.295408885496264,-3.6538987498935738,1.1618787026957555,-7.258523891765426,-4.848379575267794,-3.9383800074063737,-9.758310902326873,-7.943056492008532,-8.814436064566424,-1.8771528817077403,5.840463685949945,-2.009072894387284,7.955373376604711,-5.335814281388326,-8.815972273054369,-8.267019832352911,-4.253179256596399,4.311111445213637,1.0043411366254251,8.159155920968757,-1.8192185235525073,-0.7990413652094155,-0.378284071199964,-5.035757309902809,-2.586461162090517,-4.369537962692362,-2.374285490996093,-8.376123485268415,4.722624858790093,-4.871805331407419,-0.7066530091377139,-0.712043094503592,6.478627823312931,-6.398197879870403,6.354665017073399,-1.4655107470228312,-2.128592655866516,-9.510184536250513,-6.59938264477319,-3.5248042457166093,-0.5486654925972285,7.666726058881476,-6.67242142079804,0
-7.257285192361852,-2.5005051784141807,-7.146619202231072,-7.878804138009958,-4.310074352478007,8.511207066878917,-4.547845349627515,-4.774407399223516,-0.850534422868428,9.228153914840401,-5.017794529836371,-8.304349502222099,-6.361661077738634,-0.8650144293514206,-8.115166538626863,-9.164049273951171,-6.5917413291518585,4.365534682356927,-7.535144520775335,1.344857531208411,-8.405240394616811,-2.606918180066894,-6.4330951327726025,-3.4373334388964967,5.179674643057184,4.349962956421425,3.838357256075531,-1.0130512835174343,-9.114138364525708,-7.002051611277476,-0.4743903395055824,-2.871474008828706,-6.835983346765701,-9.193750386865275,-4.017432591799416,3.622402481924003,-1.4996570464294088,-9.961857025212842,-3.968722315103024,8.726978676291088,-1.628915002055649,2.85824234804833,-5.319458471557281,-6.510476358273765,-0.46902665574949687,-9.468307648562803,-9.827213518680292,-4.28749425247301,2.881986814982028,-0.23362429192853895,3
-6.942193815913691,-7.078373124683121,-3.076877443421062,-1.1339514028788589,-8.137227717370015,0.07629638260883587,-0.43327025985205125,-1.5022969963344917,-8.00711755482751,0.924619755077587,-2.8335328681263583,-9.26658885320259,-1.0462143201439424,-6.085747215631006,-0.25448154333578543,-8.933273514964487,-4.654079330279223,5.575351559540874,-0.23500431155408208,5.926303967677051,-4.268006762515164,-2.0368063665966574,-4.405883047057434,-3.601970015529094,4.252999902614447,3.236867807871776,7.374842211797336,-0.07687054269228,-8.204671813528122,-5.831555699428222,-1.1295306656792885,-2.310927952661208,-8.337700499613351,-1.3857845245441176,-4.82516444695025,6.274425616612564,-1.96515262334907,-4.558374448435355,-9.884890971784287,2.4288995773925204,-2.6276954685113303,1.7870767207597826,-5.296813287295576,-2.7806024266751788,-9.694504731625011,-6.231966576128264,-0.23914658656251753,-6.986847614463007,0.3889374213095198,-9.327801742091612,10
-6.394940150791135,-6.001199730416129,-3.523505329550579,-8.719934866212009,-4.632745654275513,0.27778560590573376,-2.0223788613372022,-7.79569477595088,-9.584901048733705,2.4717437565814473,-9.53463382118246,-3.1485991826429363,-2.3843458390669774,-2.3766012954421054,-6.036574900469375,-4.106891979575293,-8.53993340803259,0.22437884759707427,-6.941319701019601,1.7048616923249726,-5.320795264369183,-2.554365140344064,-7.288017624603458,-0.23255214625084264,2.0242818381244163,3.6408932902834867,2.169374709615232,-0.4608929962069048,-5.8701763951969745,-1.757068899404075,-0.41827820613147715,-4.185360978038193,-2.029361340469162,-4.5313120365114115,-5.2364139929144535,5.380873647393659,-3.3605128463458467,-4.9165308049325676,-3.531697168856952,5.730040613543884,-6.083552992334834,7.693779045121143,-7.441592050140885,-3.0245244484768987,-5.455087996698258,-2.352044449979828,-6.634489126973689,-3.015274509660763,8.840505669910868,-6.318874911295584,3
-9.197629792134546,-6.2095301589857,-3.961504312662383,-5.33979056971579,-4.595885672115006,7.978168475156727,-3.1902440304699287,-5.02697822969094,-6.469808417231443,0.7389960341677237,-8.265581127244845,-8.300040657900796,-8.129126043446703,-4.368778853931307,-7.615378111300091,-6.729894923410571,-6.461542217810029,1.3920337957679185,-1.2059649667761096,7.741562587669244,-0.6868279597745701,-0.6565034211895178,-3.280400238168623,-3.294855269439898,6.8912446391248325,7.662968343783808,9.618055618687857,-9.431141233113307,-6.84086871913488,-0.9321790890180477,-7.004658870164381,-3.0889640014489226,-7.8168900873823235,-6.834917255439937,-7.411931422728016,6.831163078689108,-7.041967168354062,-8.392599406828428,-5.1016240427187,4.220145795225299,-9.499307977159496,7.459083428246291,-7.836278209811446,-7.75530741001665,-8.603269305219758,-6.731913733295172,-5.139836002183089,-3.3496241477814337,9.600652792863674,-5.7146321973216665,5
-5.893229539561649,-5.77313393854714,-7.581141345437939,-4.146460455514493,-2.747486760615124,2.5618046345841847,-3.6324349287934368,-3.869733540642767,-5.021351244971147,6.2652277923197195,-2.1530600672979006,-4.689685909419239,-9.92601881443278,-8.167636142584616,-9.379601545488992,-3.7203289660785197,-7.521112817651671,8.658972404485,-9.122045140690968,0.44407693924953584,-0.5586116026259145,-4.11259603535674,-2.3096726248189006,-5.259423468433303,6.133271341331731,3.151113759535591,8.21828610141769,-0.18002722764717305,-7.457663208987709,-4.603689617529859,-0.8693580164724537,-7.15189426064184,-5.928785977635247,-4.397362286353169,-0.5450113433357426,4.606625106411675,-1.1637802851755374,-1.3066618742166938,-8.874908936104065,2.1598724595297005,-7.06583689491486,8.513618912321347,-6.3654089787492305,-4.942741273810945,-4.587305914263325,-3.7107225749702497,-6.199538837425694,-9.688696270074443,6.423262613308374,-8.671017781968096,5
-6.175356792310937,-9.135240478162643,-1.8412613543821053,-7.62295079693068,-6.786619196143987,2.9065939772707763,-2.937038328380317,-4.877479653003437,-1.1225352353590328,8.630980099381452,-4.011402588321008,-1.2272853657945468,-8.766105384620452,-9.490429387910401,-6.671275078738926,-9.282732401933695,-8.49067151904163,4.678944986812928,-0.6805473023938582,9.477524704052202,-8.909818572308195,-2.6350190026581135,-0.5044452183711172,-5.851028212233068,0.8198044120780157,9.660302273642607,4.141860930292207,-6.918668146349467,-1.255355206321635,-8.837020279374306,-1.3634769313661526,-0.6007801316342949,-3.749757342739337,-4.502761698068389,-1.6806504395622408,3.9119450668835887,-9.965352631928507,-9.177951286598354,-8.965412409548735,9.400261359871791,-8.275046515391749,8.340657376206092,-6.97646637655575,-6.841289932027283,-6.081082944721979,-6.247109227923469,-7.21031127162755,-9.981757212351615,2.1712707319240554,-8.354186198548888,0
-2.70146357549012,-7.30549965931048,-8.241334917312708,-4.994519985039279,-1.037453721671488,6.319022149555354,-9.481714006629018,-3.61839027938342,-1.119176029695776,2.9130784817799604,-4.2173047552402165,-6.936928026274148,-9.795106159022373,-8.986272004533525,-8.5188870482491,-1.91898373584994,-6.899343900697198,0.22683393795261408,-9.0445009859415,4.3013911326416965,-2.412539847666512,-0.5896924948340487,-9.665567052994565,-7.393733542963644,4.0609406314323735,0.29991536139643227,5.478231072938604,-2.765157611764673,-1.671348691013252,-6.842761947358818,-3.5487720094084105,-5.336073456790427,-3.872544720594898,-0.03583435731192175,-1.948392385810143,2.980184186262713,-9.578331686615671,-7.533012964238612,-5.987538888107034,2.093840432298677,-4.546280347705949,4.457796217904288,-6.6031269532940415,-5.092656097829121,-2.8306460726871476,-1.871414354223944,-8.398613284281314,-2.9653397815759677,4.039355593061227,-3.979090520229615,3
-1.748561120350212,-0.23918877714403486,-2.3048061798227826,-0.5089749541425839,-0.3957318647172752,8.176113626674399,-3.757361384418793,-1.431330280612496,-3.99185252884957,0.4303748643654537,-1.750208064588053,-2.6725544507920898,-5.523582593069598,-4.7098017586779415,-1.7104961504513732,-0.1594376806668567,-5.752607847957146,3.309807612433576,-0.26970816464957714,8.255412318192723,-2.8930329162905775,-2.6250504556784247,-5.997515206706526,-5.949824105588881,4.6775603400886165,6.711257097558581,7.951002781810992,-1.8988097939128927,-9.37191951528278,-4.343650102346933,-4.004289336249726,-3.4996556055601022,-1.3541507802646056,-1.7437643077290605,-5.2940060620207845,1.0315321219791318,-2.753233647049643,-9.997161891663044,-6.708011076883168,2.9196079189552737,-9.617103403915001,6.351555140402498,-0.7209821369326583,-6.708066398900959,-4.735779238841889,-2.096717715030377,-1.6761509210350418,-5.399308830559005,9.852905306616313,-8.268645977983137,8
-4.1291380142574905,-0.40458831342997215,-9.402977035118035,-3.2698433164574823,-7.965300756706178,3.1844930832276273,-2.3749436823149814,-1.4822462783753014,-0.17736230518960738,0.6675903951883533,-0.6037700253943648,-3.674940032513301,-3.952806368204488,-7.938620123636678,-9.80492966775665,-3.5037911672976483,-7.828110790602286,1.1716839042252813,-7.066873684384082,9.288236547769163,-9.898910443450669,-6.027715322979496,-4.361328608242259,-7.62530514181572,7.347015029075439,4.848470500551847,6.777086926871442,-3.1756344214448333,-2.362427398117191,-6.717328113201725,-3.4639339923847965,-3.332552647947187,-1.9072231979505396,-0.9639396775925277,-1.4782364889406736,6.581304265833603,-5.7394112497663485,-1.8636886259029861,-6.370680680466817,8.057708469413296,-2.9331784200124833,2.630026966192834,-3.547704188365425,-7.16972125443352,-0.7719294491483133,-5.105879651545405,-0.001086210312802649,-8.028421682830803,9.230248763284996,-8.659102128268012,9
-1.6150066516873345,-6.947911519645333,-6.224785192572031,-8.602679446565658,-0.8834148821174139,7.258331672202894,-0.0008726731042774105,-8.53253999129582,-7.271455782706288,0.445612211787747,-8.025957359784677,-8.30003509406405,-9.729231785737769,-9.172965957564198,-7.546545829107544,-2.3271939399005515,-5.735045359676894,8.963531054418624,-9.358580180384315,2.040304143200405,-5.510418366229944,-0.36331369190027374,-3.524424915291446,-7.908566887059203,9.129686982114603,8.568490662603796,7.927479540587133,-3.8058912545806862,-4.759544635245927,-6.56764733012278,-8.51450750925758,-0.31650344584734746,-8.987630737363931,-2.9202812248894885,-8.05528346688835,1.8988602092417062,-0.8270168049923772,-4.236327598057034,-3.0554474898326838,3.758887858473857,-6.569681718910059,0.9195812522620728,-1.5078926289085572,-3.7761230177185805,-3.880834344977666,-5.744674820825861,-5.000118781139853,-5.152773993601874,0.3170040460089496,-8.113533105136446,0
-5.445576322606413,-8.591755053928328,-5.474797061049732,-4.8188325002275745,-8.514376838568847,9.856989307516892,-6.425016654679804,-2.0794681664929193,-5.85575563846045,8.271460722519278,-2.0470841939703543,-5.795730058735557,-4.53889459047387,-4.873251613735015,-6.404838367450175,-7.17692127491817,-1.0670454976820665,9.816557163395883,-0.8188569845487272,3.3797994641490714,-5.057154015371652,-9.348918678304837,-8.69989199834539,-8.396870424160694,8.880361969202937,9.499592763853515,4.730451995581381,-6.007279489923376,-6.978636284956354,-9.171688098928684,-2.2917959311803218,-2.3570609849498627,-1.4207985425930243,-2.8392821624921663,-1.0165792938171663,9.834602424962833,-3.732331335819681,-0.8900088813428813,-1.3352245986401563,2.546648205024727,-8.28014407828998,5.87811832558457,-7.8207626027801735,-7.373279029256805,-3.981403248391425,-1.8712451346052372,-8.920300314834487,-1.1849654929806324,1.3268085438874644,-0.5696222119382046,6
-7.1346920603926955,-0.24795458737315812,-0.8063069502648474,-5.6853023462602135,-7.918655952592035,2.247962739034821,-7.005390873533575,-4.59712665131928,-8.07897785168748,6.643230105993131,-1.6244858037529504,-4.701546675947915,-9.770960431147197,-5.526278986924399,-7.399890635594826,-3.9818480484097325,-5.847640933406435,7.442219324316169,-1.57126295788696,6.1406168608272225,-7.482117300859502,-7.018676553266188,-3.4820923311508665,-7.850447443764359,1.0311881406951895,1.0343539239355093,6.910958812545619,-7.732471188868121,-8.337250890669294,-4.641936528915343,-7.485078816402839,-9.359063366019868,-8.600517456934769,-3.7000363484174406,-5.69186235254863,4.342211174500884,-7.605745332659532,-9.015851835605137,-4.111872898254986,5.458856009021681,-8.89827409598879,0.6903123985217263,-3.9546901170301405,-5.837127224616369,-8.50407886129924,-3.119741863554828,-7.80738201632755,-4.065034043036301,6.958778217164444,-8.078855556550002,8
-5.457034704371404,-9.138852976651524,-2.8484127831783956,-6.185852527923492,-4.497537365893839,4.584798221632125,-7.155966583811968,-4.692515509065633,-7.2821296232451616,2.9298105472741174,-6.235429137694178,-1.569310653437343,-4.082603177197656,-3.319963620084433,-8.297160761693807,-9.036748020297127,-0.1319062632703254,7.1418358879514745,-1.2027947449508734,3.7486227738304425,-6.827418477177555,-3.9890378001996467,-5.626657219227287,-2.2933314842411123,7.289293804595951,0.3636594168514917,3.9330975215425648,-7.105799120029097,-2.2786863302269635,-3.0396563099999465,-6.39800107557527,-6.333039389852132,-1.67266670167494,-6.268042560379984,-6.3567989314084645,1.283855140471839,-4.26980454033869,-7.877604960940298,-4.360828874291788,5.266767547146913,-0.9721218425012452,1.9443757389688532,-4.153900379232079,-9.132547981999249,-2.0857035988037733,-2.24922906814668,-9.571901104303702,-3.19194604783776,5.065735320867403,-0.7537236411586097,8
-7.311029122579819,-6.250752738234158,-0.0074706629782888,-7.9402570245382105,-5.940900188444745,5.50564468065195,-8.893894212239118,-3.040083929850339,-1.7881978514533508,9.2656097944349,-3.180198868627765,-1.552190866899771,-6.216844799471183,-8.391946740588585,-9.144651664525183,-3.3086020498075195,-1.7319898888415324,6.323973533071776,-4.249754978036201,9.933648406267462,-8.462605368511095,-0.28192553864221814,-0.4539996023976851,-4.103248064914825,0.17956663480829693,0.5513332045252306,6.622401513216129,-3.994281905424301,-7.799951863319591,-9.246011021541856,-3.7401656267916463,-0.5120166597549556,-2.1118032553304342,-4.5136274182099365,-1.5202713630561906,1.4614993657792308,-4.204427829334678,-8.039106491624203,-9.843601664208828,3.897499044118735,-4.423824583271467,0.6618095391475931,-1.6759514262673143,-0.8485230313978516,-7.045525516010418,-6.565862314011467,-2.4713386376982296,-5.843008045729659,0.05500090412835723,-8.021588627289296,4
-2.67760736942427,-8.21081770172275,-6.150111765189379,-8.177774880566059,-1.4597107083731533,2.3561913308925497,-0.284853848152375,-0.8123596106169781,-5.592736708790323,8.824419175936548,-1.3362771354258438,-2.6564897783577344,-4.42158160553917,-2.5947162497391743,-1.9194487243870615,-1.4697244448690654,-9.782098124086767,0.7109842966385505,-3.0709377958738546,4.334725987537082,-7.927636612086752,-0.8117307318682201,-2.018199854113007,-1.0951293172375074,4.968767410715773,7.023959759835959,8.522551072407383,-6.421757815629591,-8.184589442650056,-1.6643221635143348,-6.117644807219577,-2.65062345864865,-4.261091308172595,-8.254311373814723,-7.902671056655237,7.67935303552208,-3.404882855473769,-3.3995929587439324,-8.670441483450148,8.011172931306689,-1.6509397109426143,7.722673408966587,-0.04902601255309058,-7.276099085189523,-0.1201275838613185,-5.659047460360397,-9.661582462536112,-6.306211235116365,9.292459593182782,-8.961280919490248,5
-3.3612496620109953,-0.27134696281177106,-9.042908043338599,-2.8082065503597917,-0.1493900609078196,7.221497472249302,-1.44431482564001,-8.39569956903463,-7.307932542672695,1.3537440636172104,-4.315428099578657,-0.4900640215195402,-0.33558945358636727,-9.491104035702872,-8.738369894569155,-8.314681680151459,-9.885599599589437,6.3796931480134305,-2.305492349153604,5.249265890080721,-9.66346141306098,-8.348587527131365,-8.256581698589251,-7.901261315515232,3.4170991421989063,0.7426134404856355,0.03239420503607149,-3.5531576446403834,-4.926299163238196,-1.8517930445559365,-4.607079541863261,-3.122853559299987,-4.327993107739433,-0.060998509638601206,-2.613774767522651,9.120301973073936,-6.847501425486834,-8.585035149301092,-3.8764481682172462,4.693866052240755,-6.936072052486596,1.0262781817924616,-2.843113611366558,-7.7375027143386195,-9.833262382436814,-1.5151632382170526,-3.005159986897887,-8.746025888727642,0.3524443929620724,-8.83667270228562,4
-6.764219133033596,-5.668094640860444,-1.7670907630771904,-3.583099286029854,-1.781920881858781,3.878648726343478,-2.4631941977737544,-7.917726612904502,-8.31639857214827,3.2132585876930495,-7.784231049813517,-8.330686214019025,-7.036156067613447,-5.65837911896054,-3.4991382240850104,-7.173169690248824,-7.483081867436338,2.234172466159502,-7.319607997037164,2.6397442930497386,-2.682408323958758,-4.712583450973467,-0.5365776918140153,-5.934315399194841,8.620573593192573,6.223720401452809,4.6778062709899615,-6.640001264537001,-4.023721559996291,-5.3587954116258665,-5.649444592818629,-7.803169804048652,-4.179084663021213,-3.3463177246307527,-2.867178527808555,1.213870051510727,-2.0226166004324364,-1.9497290461210408,-1.0391379477425673,5.94161305512535,-4.858047165138761,5.865011435709508,-6.88943132430942,-9.650725977535558,-3.976928227069095,-2.1253731897698405,-7.351929524029801,-4.813112173982384,4.137984923737474,-1.3959655967632099,1
-3.85081031156564,-1.7918091031982968,-4.273256271902986,-8.373592331822636,-0.2942231719224857,0.01733380520803629,-6.85512454752072,-3.924564382349958,-8.388712909256185,5.472646808138877,-9.035019568674537,-0.10202265320941528,-0.6432988717450012,-9.462435780576557,-0.38444811934462386,-7.934349787135711,-7.673157347420788,4.665073412500965,-0.28371851851150076,2.05163772123671,-9.328482358728644,-8.209071318717152,-4.020154145372969,-6.312793988898048,1.7478224427706135,7.699307385972092,8.894066764912298,-3.971532381577455,-2.3203744474433066,-4.346071212241376,-4.262525001753304,-6.228374656192876,-2.039131038951907,-7.952004766569484,-9.409143556323157,7.636408404202393,-7.633691685002811,-8.411280197121828,-1.1255738861544842,9.997724907188772,-2.7304847494769664,4.9028065214313274,-8.16463674391651,-3.2046346715742793,-9.151248191905628,-2.335175629353513,-2.679370930752258,-5.182776481592165,1.068966193566181,-7.851759499426594,2
-4.712182476034842,-7.644558818498931,-6.744741037295306,-5.612632882094603,-2.1764797286899897,0.08944978816128768,-1.1482676868988744,-2.6371612475475033,-8.097534947323853,7.603459712115367,-2.7573841091232616,-3.899878801364773,-4.437412255270584,-3.326971308828284,-2.0073908488299983,-6.780356180637734,-7.357059889790639,4.532275393974641,-7.770419089616895,0.4490111637754379,-6.690252224664425,-7.553117158283069,-1.518315145639379,-4.277628788389824,6.482037435194243,1.4009519568098283,9.226332542663657,-6.923447930069467,-2.229570510797789,-1.8260783174130761,-4.567896991605034,-2.428651451515708,-2.730411895395899,-2.544121808909762,-6.872523875017656,1.7337512792758225,-0.06553838855425909,-5.266371591620302,-7.285385406949518,6.030280408933315,-8.843440475738749,9.1602229817059,-9.353816533941103,-2.449243108213956,-5.62556015159522,-7.821132876983503,-6.463611149339675,-7.618562089070479,9.14313885227003,-2.7801817304556318,7
-4.2398028806138734,-0.7713507250068048,-1.912163065854159,-3.083192810865331,-0.922859056429191,1.7307877464934163,-9.708741473535454,-0.4519374245450294,-2.3692849682495556,2.1242203469956964,-8.322352898534788,-4.803932780221051,-1.7867132617452324,-0.5345881793826077,-4.117607690213438,-3.558168283099258,-4.03595478101026,5.875666427002085,-5.077475468010037,5.144754723720181,-5.798345303572587,-7.766170127557271,-8.133555011961382,-4.195893714983001,6.435709347018033,0.8507952806582175,2.2820620973584815,-8.415750679714506,-5.426336762731214,-9.289065662935377,-9.695417616352666,-6.282235511255921,-6.107313223555517,-1.4982029344991048,-6.627648196780015,9.610957428450792,-0.5980453646639283,-2.565641167949887,-6.922346611166571,3.207449397599812,-9.101295462675544,2.4735903923905314,-2.0862661968849157,-3.492371890770565,-5.049386861267707,-5.662734826920507,-1.5986828927148231,-4.934807627287537,8.803532537354725,-9.314281607125688,6
-9.001772483001403,-9.461962496365766,-8.557825860569272,-6.466180662835921,-0.07976682054843742,8.749384608690299,-8.72169006147505,-5.924387936380438,-3.0609129183252612,3.877581466647552,-6.792231675873742,-9.269365562576393,-2.459874893186898,-8.823272191073343,-7.396432288003309,-1.4269134318274812,-6.915473606833421,3.496266673445283,-1.1904560984222812,8.029343330750148,-8.369003124318388,-4.476889146365287,-2.284809877008583,-2.4947051560002373,2.6699262294880786,8.901013267774376,9.274167573905192,-8.09195069098276,-9.619681686831726,-0.4452413307847678,-3.4917926257509553,-9.302761698068913,-0.4228500601107257,-8.452498234092412,-4.786843386668388,9.58828547492214,-5.887826297926714,-5.960385746112127,-9.865641081022732,0.21113509372896244,-3.5437031146663776,3.726344450585507,-6.13953100110951,-4.239953890069769,-3.7002292478139287,-6.065592494350399,-2.5632073992228035,-1.714001234993967,9.903881027490645,-3.699086638902638,4
-2.5745939376819234,-1.3662294719829173,-1.5241967268609873,-4.106966512050211,-6.215798902366578,6.988912178923323,-2.513305048790091,-8.297241597165689,-3.353415320797474,9.926871039152273,-2.492003828905397,-8.151805575415791,-0.02979605773432681,-4.903423298878435,-8.583007654310945,-0.23191194278399863,-7.675872765319286,2.455899407441846,-3.500506306976316,9.489794240463308,-1.4619167312843757,-7.757312713271452,-9.776322830903377,-0.8845941195181073,1.701783576635395,6.99275665675446,6.165172148320657,-5.272412312555142,-6.383820507658199,-8.583894315073566,-1.5030429019045606,-5.552693329197557,-3.873230289430875,-2.5977856954014156,-4.13657394092997,3.638830134895359,-1.4945445566410136,-9.07152091642774,-8.935300239229672,9.549487166091014,-0.5864595833926458,0.4626044316681066,-3.686740031469803,-3.2428944082364906,-4.725655834153844,-6.795140896432396,-5.837821207977239,-6.52100120196128,2.2328225008528135,-0.8495846935689517,9
-0.36007234851403425,-5.543390927549651,-9.136818600073314,-5.130170811794855,-8.848036066702187,4.518376951789326,-7.349092235649507,-5.2437683052323445,-7.769368260602134,9.047310266534375,-0.9165950944453236,-6.067965755657665,-5.146015517079486,-8.159456061533966,-4.98156333329365,-1.8888103790547603,-8.408609905135295,3.5899724027744906,-8.451793227377946,4.681010347980349,-9.960517489728126,-5.009353243720947,-6.775153021282202,-5.007266932339594,8.816067039662913,0.45806156997968195,5.1920395131315775,-9.090832666613963,-5.19574661229587,-5.625641698432837,-9.432232260706101,-8.009693752220006,-2.5424299973339934,-2.8912228927216566,-7.271193463653679,9.008943333554587,-7.911199563720946,-8.752613531967482,-5.486946422009646,2.2529573635899314,-2.1447305238237835,4.447246922193669,-5.336248618919644,-3.885198874290289,-4.057952131205683,-8.040407614656445,-2.7718190287801567,-2.7406949360352373,6.596542023382014,-4.0316942433854495,4
-8.705536465190919,-8.27335630786408,-3.9208760786488606,-5.040905442956243,-4.2847770531561835,7.107062458244753,-8.581607816972745,-7.928722604674884,-3.831415330855603,1.348952925370579,-8.647592408330713,-7.9571812935377935,-3.2543907854267617,-6.722912415718528,-0.3147384857812039,-6.20695051833593,-9.741966591539875,6.289648083871791,-3.1488922441240907,4.029667711168084,-5.935467582170471,-0.43231267724161526,-9.733822240708081,-3.029212612749409,6.370214815221652,6.372048684339945,6.0384746864305825,-9.442228724209693,-4.800457605405203,-4.293637593930449,-5.196182184427234,-3.9813282943462314,-3.800207494973731,-9.649416842199766,-0.247461244587603,0.19508661519884285,-8.455492770807712,-8.55296877610028,-9.52213380901924,5.43733561728059,-4.423793999361255,8.523247232984176,-1.6503718523289486,-6.128626738026693,-9.043334917209076,-5.660642126646019,-9.355411569287494,-5.928911332685507,4.502796790848635,-8.073266823739676,2
-8.627461725838424,-2.321183672725339,-0.6103374472252394,-8.860323251594659,-3.879975876823827,6.14826764993915,-4.313425634442625,-3.6350893666119273,-3.5683079572050254,2.63083736030297,-9.617113920563881,-1.6200928800705334,-8.742210952641944,-9.387866262841277,-2.8703702413414174,-5.524706961786925,-3.040313158651453,1.5474985621706638,-3.728122982166812,5.722063909147179,-0.7662828949374507,-5.875537529096027,-8.575461416809713,-3.8645171432265037,4.089801545865845,0.8633771463375473,0.13358407062786903,-8.658485288489121,-4.6584848203105285,-2.993911601852518,-3.0665997592084135,-9.839739930289138,-3.808867273739896,-7.200665052475812,-6.080021852235774,4.121030521321714,-2.1397801197710065,-0.49760943217864373,-3.6169716637105633,0.6472598915674233,-9.453881485499549,5.521120910499978,-5.445465134195665,-9.27448315735971,-2.849058321338549,-2.6423519502979342,-0.588541280748327,-4.17140220062903,5.35068966642738,-9.688654341854155,10
-4.655697883829351,-7.748264531807161,-2.980951316182315,-6.754811615734021,-0.35343906578185624,1.7406815333919734,-0.18515049928525684,-8.885759354580816,-6.068191041543517,9.179214815902922,-1.7890625154366049,-5.914288825611712,-6.614657182820688,-6.599828273129948,-2.882094472197223,-1.1194762830259162,-1.750075471714215,0.12636619132754268,-6.79934104201832,2.937123096977409,-1.880117654683227,-8.773147585842684,-3.778296384463898,-6.740284282082882,1.1219948670499058,9.214105408067955,4.301059348871462,-2.8831257727960704,-2.8548282597577614,-4.589958233657635,-9.11480198304928,-1.77549465489966,-7.377547136459812,-4.406151726593758,-6.300043933695675,1.252176508789462,-8.534762217830979,-8.604738561009029,-7.496423885673844,8.771198674478365,-2.9798090233683974,6.938374599702609,-3.1829947735674384,-6.467395687128019,-9.233939530776002,-1.612074504078068,-2.3274480806414344,-4.523763641811287,0.6817125098112531,-0.5987700597196142,2
-1.9300890420732504,-1.59948907740484,-0.8695649827833378,-9.488873617425341,-1.9512088151244882,9.74428379115735,-4.396338580153916,-3.49393088076965,-4.845969805463815,1.9195623696412578,-6.41690880574867,-0.8615073229139671,-3.305069096120752,-4.823111081953259,-6.7829323085115405,-8.243392817103956,-4.0115169895838845,4.2606223195101425,-6.677179957212765,2.0207417551431406,-4.325574281058935,-1.6508509530316768,-5.159732432481151,-8.067597106317086,0.8041151971297622,8.73633646628484,8.65954452597459,-6.95701306506943,-5.196573539103623,-7.332817644222903,-7.354526544066174,-5.058223449193715,-6.2071837030856125,-1.872571685952467,-1.019151087306824,4.573160277963364,-7.429468006305045,-6.51300886995568,-9.8843103969285,5.270989922501769,-8.233248980280868,6.240739653235316,-9.859593400736923,-5.4988157716536525,-6.275916287722337,-9.898846217363195,-9.17656677826557,-7.480958828020357,2.0475682706023424,-5.330311186201213,6
-2.603677549448382,-3.66463687421179,-5.830107696011759,-1.273724849267996,-3.392425946838534,0.17062846771719986,-7.648483511439089,-3.9066789420250814,-6.020167242192567,3.2259317644757965,-1.6006822634579514,-1.2709811511411626,-0.8203631089337637,-7.586709935456508,-0.43587769872610416,-9.745364700502462,-2.452142954880544,9.101723994038052,-0.5642643860134964,8.13236209650573,-3.7495651904096663,-3.556552911292999,-2.9696747360951123,-1.680265008305053,0.55030402422232,8.861916224762457,4.652688466019393,-3.5099125340514252,-3.321548569113001,-8.605011799085693,-9.487032460453408,-1.7483430174407353,-1.9981243932658614,-6.169874558507072,-3.6603159731772976,8.972957084572391,-8.004154415127992,-5.4322963110433795,-9.783001700945078,4.945432222237976,-8.752687179826696,0.07476222886255823,-0.0784445158635183,-9.80533769551082,-4.550738705905109,-0.7758904245137614,-3.879789112259944,-6.425842293710744,8.079591152534496,-9.608514245590367,0
-3.174249723665911,-8.14664292863138,-6.266537128846002,-9.872392711715236,-9.725614534478657,6.116104338046327,-8.983124763218301,-6.705356029585673,-1.0347186361183152,9.725960646346085,-9.959579131928699,-0.054163948453014754,-5.566458058281426,-9.992661478615435,-7.87222745263043,-1.4395398907945385,-8.791286696538474,0.5540721935490378,-7.725563842863247,7.437940488254925,-3.0375011621316563,-2.805529618100609,-0.7040866968455077,-2.0263541512747283,1.329348849283768,0.3642533190430597,5.466327465029769,-4.161623376651708,-3.0346362463389367,-5.747109124858021,-1.565803258075885,-7.677597718050581,-6.139165480112134,-0.21561074575574857,-3.5741089291112207,5.123128429557412,-6.720339767668864,-1.3096316939798989,-7.579975484933012,2.647519692354905,-3.1937175083772473,0.9817154362609848,-8.165422397471659,-4.656231441984897,-2.3142745634060127,-9.924778500528186,-8.403783086122727,-0.5380696080476692,5.511058896322742,-1.640564184787408,2
-5.274806028042118,-9.519066682719036,-9.375924105827286,-7.779037829089704,-4.075634751563905,1.091838945189163,-6.876151399490045,-2.084110017215485,-7.788958993265971,7.130634178020255,-7.891020268103003,-6.368552764217677,-7.037103967083077,-0.5080743968779764,-3.4201749328195907,-9.409514694057883,-2.084241204760076,1.381679508727487,-4.637231954423834,5.417151067084157,-5.220703395464056,-3.2852485204678263,-5.149621188430098,-0.4511638107438305,0.9403444392958094,1.8322551457042546,4.499222024283508,-1.4838977093143768,-4.221548250697852,-9.168085923311413,-2.202885111994611,-8.174125238908157,-4.138494663707987,-4.852197044223949,-0.19431443462146625,6.662143446179732,-7.905314899420743,-4.8854208675387945,-4.7932643752453,9.44146986825859,-4.367582664779399,0.04789557214227469,-4.793617218380675,-0.24755531854720125,-1.9489736509846072,-5.956659725964641,-1.0484741316322594,-4.786511164806347,9.16514159645217,-5.042889330641147,9
-7.083768347670297,-4.696073387604814,-1.205911361827825,-4.599610144543918,-0.4343142674717839,1.6331447301209334,-3.9242642440119404,-1.4753824397607556,-2.7803037667590473,7.515753523656677,-6.985435638471077,-9.667344544781685,-4.7184538663010835,-2.676581860902112,-2.1127819728361175,-2.595512333103583,-0.7065712995310225,6.69110625356077,-8.196878589286019,5.826008037826803,-1.2487384337251388,-4.344005762913489,-3.9953601108510686,-5.7481009608590234,9.579227053351797,5.409230184577779,6.3648796648027615,-7.002440820109327,-3.9371814445745015,-1.884707068175338,-7.636659150942993,-9.353669833039667,-4.8799872152368,-2.0060529549625805,-0.7065670806645823,2.5269582281028735,-5.9003204410458245,-4.1019306323681,-3.2576577208057858,3.2714686417845638,-3.710129007039585,1.6851396481019965,-7.038972012486667,-0.8538189905191818,-7.348847315908912,-5.619333911037385,-3.437630642983307,-7.236018913148614,3.6568059588866664,-3.964566087151341,10
-3.207281879693536,-9.853307825040595,-7.656212690623134,-1.9527816260115145,-7.676156685079754,2.064900486000636,-4.426980982933673,-8.64953011274135,-8.194559822075231,8.584384156869648,-4.701227470931179,-2.878607454078116,-2.8787135410861495,-0.2505174996577324,-4.33961117775032,-9.525718658596059,-7.08957979089941,9.096942864468629,-4.381108981044322,5.987679130068382,-4.540858684467111,-8.137271187412983,-7.642153063559675,-3.995904535695594,7.602292601878453,7.308489512560302,7.34159959607034,-7.841460914213114,-0.22410586162221513,-8.519365370258576,-0.2511773163982145,-1.663999750995405,-9.305051570799103,-0.3318710772206508,-8.230782792417452,5.137098264432907,-7.574438815890826,-4.147681353374355,-7.7114131270362805,7.435258884694687,-7.196176778313577,4.975866656119115,-1.9977971721576075,-0.44316308533840143,-1.0761733067673305,-8.708067266007864,-2.883865625652353,-4.820200359634176,1.8933826812408072,-7.933397777117638,7
-4.925232277616586,-4.361793568029664,-6.416497595940185,-8.590565926269935,-9.814014022969191,2.370356295297084,-9.505477895013058,-1.4725590486102984,-6.679587013379637,2.177578507802047,-2.20950381855459,-9.525949074638225,-4.891596068093711,-4.788960794482678,-5.781010315919878,-8.21069032732276,-4.8775914160214215,8.89831873089318,-9.063308001107375,9.235939368894599,-4.427472961807969,-2.1145556938249968,-5.070441957686099,-0.6263276344919717,8.126902164136018,8.717848479866566,3.516715088518161,-0.779395114864915,-1.1014869924341646,-8.653917756086518,-7.914355733246918,-4.94943186547295,-5.676329841422265,-2.1360405724748732,-0.7610259695320973,7.694188766763111,-2.1256673949183957,-3.072865120856333,-7.554907142610514,4.776718465310509,-6.734391866410548,5.8346938079156905,-1.6784344145447978,-3.908724408275175,-5.794754470464177,-6.582161044172575,-3.8103552762620305,-5.124482914889988,3.8477125008398394,-5.819832115950608,5
-6.627296671044542,-6.281810296792472,-0.46630483257533406,-3.903744361855014,-9.925186390129975,3.832333816973711,-3.1650472750016467,-7.321177567319841,-4.5297049916490195,8.62702960830397,-3.843451042696997,-6.352968975060955,-0.006466971193946236,-1.0122329200197626,-8.659734076887597,-9.924753587714745,-7.305086067657571,4.962287867385804,-8.468126883064533,7.416547384660682,-6.618839428570867,-2.1184101341277115,-1.9657380328608802,-6.052400519479307,0.06786036170286391,2.025292812562842,3.862820685626127,-0.8339305271159407,-9.24337264536939,-7.591870864631315,-8.580652311441998,-3.808112414530398,-7.777198286097934,-4.771999195186638,-3.729029920807453,2.8374419071806525,-7.3979958054522985,-7.230236614607998,-1.248373047812354,2.3511818384866223,-9.928720557423997,3.8272922700526,-0.49433346176685156,-3.74066396968451,-6.552893820520705,-2.960055706745851,-3.6377254363398865,-6.180911690567671,4.108801204504893,-3.2789665996127315,7
-5.06016218863769,-6.782138422862047,-7.746813746470805,-3.9980852152947843,-9.86401100999172,1.4238948145455677,-0.11513865055738215,-1.7433053524961188,-7.169634610686215,0.5340182766722246,-4.103143053792911,-5.875797458179472,-4.3185317383903685,-6.943409257435392,-2.372140745319868,-9.252896952667642,-3.0071839131444023,7.913839496432557,-0.4313080604225519,2.7169632093554563,-2.4847158167279213,-3.381534945021177,-3.0770493185669388,-4.064194038561198,8.149498971075465,0.7098783412247023,8.978929805130472,-4.584926874904186,-8.227935654484485,-5.824458929053716,-4.913450674186933,-9.547259491887544,-1.6690591004287185,-5.147178674532037,-1.9683022735540572,0.9016786873609428,-4.203751483124025,-8.78847198477055,-3.747740542680643,6.544075265534744,-0.8243725866178568,0.5182082886372674,-1.024391379186575,-4.4008593442788655,-5.633739446338271,-9.305688573278886,-7.911928652881848,-1.3596058338258814,4.6341468268362105,-4.945908340672574,6
-2.8315991828082376,-0.9372416778579691,-8.12715517192822,-1.9349892061941318,-0.14917930420779335,7.923147260979292,-7.579649378056531,-4.316188239239409,-2.9187076237552487,3.137051921061257,-6.82912752598472,-0.337799847828288,-7.849037232444993,-1.6731234640154184,-2.1421601443808758,-3.4559397582448357,-8.848857394753857,1.6045048870025247,-0.9277779970852826,5.12469453161703,-1.748616871283458,-1.5463024205581544,-3.859288608883073,-7.520205572300758,6.042837923014659,2.4257000299145592,2.9548380970152923,-8.780003064672098,-6.351246000630438,-3.2312129704500823,-3.671316877769735,-5.137633428185816,-9.863207134568446,-4.3443142604738805,-4.464280207286394,3.6584449987489664,-7.174835301576531,-2.1085903699685566,-4.136730151022617,4.938651121468531,-1.6408431235106171,8.551336745935162,-1.2609776688883994,-9.193627343222659,-6.904803589781908,-3.356780506468273,-0.10323680939907831,-1.4077990414718915,9.360187338787245,-4.257762093685905,2
-3.2858901608626283,-4.695429432947849,-0.7674681318126773,-0.5962812040164369,-0.8923548758093478,8.850851405421878,-3.1452249362808713,-3.4402355687007997,-2.1781313335243793,7.411306006810499,-7.953537667236606,-9.952820821792544,-7.113509514335028,-0.0379802801659892,-0.4567067710828834,-9.481489614625644,-1.6627370082369026,0.5637595913364923,-4.781011590518264,3.3619410946922557,-7.00041248058576,-8.155397333936916,-6.675262517265254,-7.068436957717653,9.742599535947317,7.944885024872839,9.764644255594835,-4.196552947884989,-9.287280917463214,-5.281955406731326,-0.24765558452682157,-6.953193024836558,-7.8006633054502945,-1.423445085634416,-9.486599827186279,3.593733318265616,-6.163092504650233,-2.286559559000513,-8.288781087747092,8.747069100690778,-5.415126980836067,5.025974619076048,-1.781037102168204,-4.096192805741921,-5.483050907338688,-5.61877694380481,-0.24070695690822674,-8.126473593401863,2.768345387706932,-2.3820273866915453,10
-5.241453356580497,-7.47139589207211,-0.9664721696587364,-6.073831196825262,-9.155626344342572,1.0646649052539803,-4.859176653344871,-6.550404411309717,-4.758896722056944,7.535897761716712,-5.412918552979621,-9.902060452437691,-6.497623038595125,-6.455229723243675,-9.769690947762387,-9.621371125326107,-3.2338053797729245,0.1720014909144485,-8.66554479849841,3.149916767496296,-1.6929025665840953,-5.090344357766792,-2.7442269039801666,-2.7511236131722256,0.7370432805611671,5.065057167469074,0.5829021302291737,-5.402323752978497,-1.161514528020092,-4.254654523412269,-1.6640753958018308,-8.335039920202439,-8.270569006525738,-0.1511586729037031,-3.842304134314716,1.5550309052865674,-9.087823601144846,-0.6567618785577238,-2.644852154944754,1.814556821561767,-5.0406174526802445,9.972168407133932,-9.789850464229787,-8.369879581505685,-9.483802458316097,-6.481644332354419,-6.524044537112681,-9.84160733591158,1.657132877098213,-3.4998147504657187,7
-9.992088676514218,-4.364270700982544,-4.011577968985929,-6.21249768247587,-1.8929569211574488,2.4329921259431355,-6.199220726623728,-2.884111947431835,-0.5323927130946657,1.707573889695737,-7.054527710110142,-9.247526220933866,-7.830744715032947,-2.349257947925933,-5.936992870033208,-2.884724255442608,-9.869744584113398,1.9147949385635032,-3.5767793215577566,2.6360916757480544,-5.930005656102869,-7.769066417249483,-4.185320273300059,-8.431170086628011,7.399762313331274,9.576553648799631,7.5672882768352165,-8.921013262221162,-3.4272466789798113,-9.102272838250352,-5.999954490522047,-3.5627581274930185,-5.691482467417036,-3.5533186619504153,-7.583057415917552,6.75924887450366,-3.5701192887792015,-7.118510655994623,-1.0596932409091906,2.535114766590368,-1.9783490469262492,6.21401004879388,-6.698289187552896,-2.6532070363350257,-3.4801414618777606,-0.7211473964330999,-8.911160164149756,-7.246949111618207,3.8076084642054866,-2.9804037188694066,0
-4.829399642742359,-5.914866905638299,-4.115252225399802,-1.743913424984978,-4.656738775874754,7.779368888005661,-8.407632084261694,-1.8993135049241303,-5.369595560963383,7.017665948325508,-2.8971749746966875,-9.112345750078003,-0.13064056751309217,-7.128754967830634,-0.5412742999796478,-4.314881084356293,-6.480738262535125,2.0677642606232114,-1.1102441964953886,9.834230972149507,-4.046864958973969,-5.370517140276657,-8.525186107965853,-2.938411747349935,0.9255217353195033,3.782951805095488,3.288728398130323,-2.0369283131561575,-3.7322897817386327,-2.8614366046083237,-1.0213453039153784,-5.567666080818143,-1.4794441374728002,-0.9314339161650338,-6.110220788187726,6.6148956931267575,-1.920132126585079,-8.990101529806209,-9.833431878896612,6.381655487399205,-3.6867140399323564,5.597612681183257,-1.620739536631957,-8.08333639832274,-0.16269053920681031,-8.459551003653377,-5.507456901347966,-8.765914177391544,8.136045580103092,-2.400337040877866,3
-7.783003131063763,-5.958630955405639,-7.214944611604784,-8.380165128103538,-8.5059862850673,0.0889039760892385,-0.23892484822213333,-9.812757307864992,-2.0822424224413076,9.656319710954515,-2.737146499639353,-6.732442296546246,-3.360663600186923,-6.859686342905276,-2.520264673944192,-4.752092115977462,-3.2193120175016965,4.296743290581172,-0.8401942289286897,4.33600520636211,-0.015234898796688157,-3.5629947327455014,-7.455443361096226,-8.889741571863528,2.361030786081182,8.589652464432673,3.1362416749416697,-6.272018921572695,-0.8433645272550923,-0.6683859053910997,-9.417995653070136,-0.6848690243358853,-4.327204989441373,-7.916476321098377,-1.1684290593020457,5.497892779752897,-9.491198836681296,-5.546934477650339,-2.2904474528994605,2.6305379131730144,-1.26703286837936,5.265971866838789,-9.942369500293658,-2.4740574767211596,-3.6349714265680344,-3.870494950258041,-4.818405426512614,-8.22762280715052,3.3009703970131,-1.2451623194102766,2
-2.333546401843451,-4.873768824569172,-9.067856067443074,-5.630880402979419,-3.5365494704350597,6.435417386204433,-4.447661117221127,-7.934798294910191,-8.16889944520596,0.7886860553759345,-7.083027554511237,-8.330101022069334,-3.8256345736983457,-5.476549861059347,-0.4904829401830888,-2.1999550117810056,-9.161784238851045,8.819861902016346,-1.0480086995949698,2.7121696250441585,-7.380857668801626,-8.757963052701303,-8.284666949600288,-1.6094837439073792,1.4567084780288797,8.26354009032581,6.087050893833172,-2.3605469838063664,-4.76031070149947,-4.8101635417250845,-3.809971253068623,-2.911343914500449,-4.626512148299771,-8.47616128269658,-6.086438515597581,5.128097813300632,-6.647709371295063,-8.850253197427879,-2.2552445448289538,5.580680892321363,-0.23211369025206352,9.552094720004614,-6.240372295022551,-4.069806253791633,-4.172771123518288,-2.760100850904747,-1.3543273167542544,-8.39580579028555,7.033515643993099,-4.61729571058614,9
-4.116649370762237,-6.102411634644373,-8.971392673853956,-5.106110043743772,-6.8133443107900336,2.3932812175530547,-9.5893390644631,-9.181746205246494,-5.622467204950984,2.0382445851188438,-3.0207052092968834,-4.750994146728768,-4.072361064497407,-5.6712211381957776,-4.277045789440206,-6.571281888433851,-5.8502316952879285,8.839402574089766,-0.6975318206493597,2.2851938577192565,-1.2016227618423194,-8.814677937838656,-3.7170770875580192,-4.143647800236386,6.654403223700703,5.81943230387267,9.791771429870264,-3.6301045272395447,-7.670645451801631,-0.36704564723307165,-6.084601658330778,-8.940246454543274,-4.641941304243894,-6.945282369895552,-8.720601059427066,9.597078080486488,-7.210015821707298,-5.34431227670947,-3.34126624027098,0.18876851088079127,-7.206396416124149,2.337993836077543,-3.467063503306753,-6.677097552083882,-9.742273227281688,-3.5613544052324295,-3.234247749575122,-0.4667898866615907,7.456720130149269,-7.277846014272274,8
-0.4668471163972896,-3.430019872979411,-2.7335103937583662,-9.513030668863475,-6.38986065026498,7.711075631481867,-8.108598212984173,-7.780330293721045,-3.494550852117283,9.75815569244882,-8.620324947042327,-6.911758763428468,-8.779455137220186,-3.7322354656878662,-1.0357118393865772,-8.30528678776649,-1.1664117034426198,9.949328435491552,-9.231984918052662,3.0067078849236273,-0.09914851147220638,-5.7678587662543,-5.187146567498438,-4.46182859798513,5.824324844034346,4.17907796197796,9.180391851399111,-9.886247633634742,-0.5951757165657412,-4.322773545561713,-8.803702083153595,-0.25987564860310464,-5.303921671584662,-0.4106025514821745,-0.11580906527763268,3.026910773432271,-4.8875247644947715,-1.339042815943987,-8.735047577729052,0.9574264346145789,-2.967564725302985,7.564503983200251,-2.8570218676119747,-3.1101727001489117,-1.4313407516973946,-6.119610575458387,-4.681509271996206,-2.918825545763191,9.220963520538387,-9.06331334343923,0
-3.6214986079819402,-7.82685046850122,-2.253305488918002,-0.01013457519206895,-9.5827774777371,9.477184488332767,-1.9399035908523707,-8.457011232203874,-6.650247994056744,5.350374818487456,-0.003594165634467572,-0.1951837178410898,-5.233890379385292,-9.890503815423747,-1.3688136176103995,-9.887098235507601,-5.03089545985079,9.401650756716107,-1.7173764847531352,4.707081871632541,-7.985015005112545,-3.964406949238848,-7.015212629210659,-5.928093931146719,6.963101824290745,3.449233715396182,1.3221726265923217,-3.497778840563379,-1.436443913780618,-4.465856746050356,-5.565217630312445,-1.2357930970989859,-7.167126335944083,-6.478717270040368,-6.989114667199453,0.997751730761206,-7.307503563929522,-4.671686278969066,-9.926032453123646,3.8907462528508074,-9.90991105985181,4.066453606319046,-3.5776414717763716,-3.5196244706028867,-4.820667195505051,-9.42621903998644,-2.497760651858302,-5.758475454372006,8.127382112116603,-0.41506510540717656,9
-3.9464665905185345,-0.6286517884120162,-9.071760908174053,-5.567048500230108,-7.0041874416030385,3.4395247510871876,-8.853450495390918,-0.05357567299828325,-3.7170886127177747,1.028510453148821,-9.03955480665047,-6.816924136345817,-8.925291081306636,-5.590875053124367,-2.7023244060525764,-1.3865391902558368,-4.298151921011268,2.782712222145469,-6.209669755505417,2.4035792604940367,-4.113377678388405,-2.2281104398746123,-1.4605075556819678,-1.2356902370580531,0.26876266700317175,1.4183806150409672,2.6912615623679814,-2.2390340536814506,-0.45416131742104504,-2.0543849628533355,-0.17895768762922692,-5.65575805779453,-8.88599192652617,-0.7019036148152402,-7.248796812247813,7.566759110222114,-7.884809004284598,-3.725037003029761,-8.227516885965061,1.379272430950692,-9.541548534885795,2.55759926552508,-0.36225181634713977,-4.785891132159668,-6.603510249464736,-6.9030318590300865,-8.931073606603489,-2.0101185467387426,3.350750666758172,-7.153248358637205,2
-3.492929483339358,-2.8525229640356145,-4.362269641572461,-6.490805215894868,-8.35585447759179,9.657614493960779,-9.822678645417312,-3.4514501600363836,-9.452310906405327,6.66681276908025,-8.045679859378586,-3.9390571526624027,-7.747970376505725,-0.5615051898359056,-9.002844489163675,-4.301223492291469,-5.860891694109007,7.4075095751841715,-2.5497819265372517,8.353358745678937,-1.8866944598133024,-3.182466050121276,-0.10379436816485565,-6.355879318570193,3.204327848813099,9.75953551139783,1.100037116226178,-3.6698279278576997,-6.527840087196765,-5.9960338764561545,-9.065060561497926,-8.427083315409995,-3.688942512649774,-9.081792535831116,-5.169850625471833,6.103026524024225,-6.095397525687032,-8.02045693598189,-9.123257542319841,0.9420700924303815,-5.673268512032198,4.335427175598486,-3.440246458225751,-9.177355352802195,-3.92629570906241,-5.256471728391964,-2.3840907703248115,-9.884318814771513,6.822119628319559,-9.16679258486328,10
-7.830697052376462,-0.029512596703511917,-8.014293727458124,-7.725194307906302,-1.11816801036872,1.2125946167484802,-6.267241309867614,-9.093497495131016,-2.366743314709,8.733094260141097,-6.749878383887969,-2.7751590650408895,-5.833927936492989,-4.883824727764262,-6.249587926156077,-3.880368385408035,-4.153340274353359,9.907569116443591,-5.827392667279085,0.24253114512417184,-7.263521485626418,-5.571418649851494,-8.524231415723678,-9.511969235041583,0.7995379419541049,1.990423888460905,0.8359960630151353,-8.486278989295753,-2.3307099563318125,-7.854391618492014,-4.394124554730038,-8.844853150136453,-6.482440482071864,-8.65471831728804,-3.3407836417802725,7.346529285565419,-9.145030865796318,-1.916934098615691,-3.683587112207918,7.756137986726994,-6.823529515169141,2.4580765658653183,-4.028375307243631,-4.2663788962356115,-0.3390382846605249,-4.137246116510981,-1.7910048202077054,-7.560822437425251,6.740509251148536,-8.005141761117665,3
-2.964574162196186,-0.08073344042663955,-2.7746163946031652,-9.97730659919794,-9.080133054436383,9.90390449141453,-0.2853472827892496,-5.557337805701628,-0.007466546252416606,2.621261353705424,-0.7684242403547064,-0.05048887198610785,-3.045215838719656,-1.4961013023653145,-4.242254492576173,-1.6041966103627843,-8.509694040866298,9.470831650505888,-7.496740261445215,7.2634698119702215,-9.7079444003328,-3.733371162992203,-7.218792409815129,-1.6208879999100976,0.7947241166336483,8.857784439286045,7.933135180827894,-0.5508041383132287,-2.573539269243917,-6.967153801056176,-9.884666851376684,-4.626348802640459,-6.5961040060484635,-7.986678598516529,-0.7087366490623861,8.377667845426197,-5.09993638559507,-5.337070936938776,-8.02874919019142,6.061589440682082,-4.671243146620407,5.472964102907817,-6.6554604903311265,-9.420668181572047,-1.1307345257187809,-8.49783383454448,-1.2690570686511968,-1.964418260939233,5.369039726657142,-7.078504066713181,10
-1.2369263312653942,-9.408848277607328,-9.731624239957398,-7.7042225720633155,-2.86356160350429,2.583011686834098,-5.99252250129593,-0.5799654473405589,-4.570600582435384,6.327306919516159,-4.15670573108013,-2.0463113509094573,-7.392090514352554,-8.768818549192375,-9.64760620308913,-2.12093699659743,-3.6590075787651877,5.3400902772956504,-7.116237238736044,7.159364915404517,-1.6554945859610033,-6.417997157474614,-5.7677001043196965,-0.05746790398230317,7.614650715977449,9.121922183128932,2.02522134009247,-7.3881501140824755,-7.883368222680144,-4.778494645120828,-0.4466356839697081,-8.664767435309958,-2.960343557098101,-4.527557685293325,-8.827284093736647,3.9421674688580532,-7.119922874029472,-9.087088798003098,-0.2369897431537975,0.856773037030637,-2.9764765192967424,8.586609981226962,-6.038025136333232,-4.789279682987332,-8.55278468924106,-6.929015743750927,-4.009290576410284,-9.255219239765722,9.134344001932732,-5.114744366342997,2
-0.8691897016729051,-8.745947720536028,-8.856583408740486,-3.603051036973328,-8.974050074681877,8.424669646903505,-8.513043678222015,-6.005756197994513,-1.388225219147282,1.9832012237068675,-5.009112720854262,-4.992081278116647,-1.5616793920832226,-5.969690137617132,-7.277096402247809,-9.960888427671495,-2.3133396781964946,8.558575087756537,-8.528562115358667,5.700355152786232,-4.0014305849878316,-9.788153671604025,-4.1040964065740475,-6.47212999438148,2.897928528571706,5.843212757473689,8.718496583098789,-1.6805802582075806,-6.686123243690615,-9.974228657238779,-5.56876808429748,-3.0855515418900783,-0.7589392578840499,-3.7830540578547396,-9.529740064318977,8.716197901795145,-0.5331307857588996,-4.89724743942282,-7.154051091221801,8.097033061393951,-0.37000909749178845,2.3227571695595026,-1.984762696715988,-3.0951831294197083,-8.945145011189275,-1.3254051529728628,-5.239442496712244,-3.012201038530348,7.43450287498585,-9.675089398682822,6
-3.5186207756423338,-6.134278912648892,-9.171176547179774,-1.1876625413632862,-8.86078908473202,9.355492119722985,-7.9542269571437565,-6.546218487284917,-2.2019561382296935,1.1495439972516797,-1.9258057366940449,-7.074805485394028,-7.180617983031335,-2.4754257006168334,-1.9998267895012205,-0.38179827124530696,-7.6571015040542925,3.189806557860341,-3.1504999323285183,9.720151280464405,-4.705680984291312,-0.491909737012838,-6.049277172976457,-5.739558378689839,1.6721994855847244,6.308775313583346,2.075392171653556,-6.323409053500244,-9.1838231475258,-6.980260384035319,-0.7235433552556962,-6.785100092188402,-0.4966173699332401,-6.820309145813494,-8.386147911188711,1.0140664208824224,-4.523450973426613,-5.493136775231902,-4.939637384457313,9.785270930178134,-2.1803966826113292,2.454758800312502,-3.317645543906309,-1.6048671691474787,-0.41797948284392916,-7.260567682214349,-2.256039850841697,-1.3468564242818672,5.543659566736078,-4.531294002556302,10
-6.699457935795047,-7.889814025191283,-5.920439133875341,-2.220581716579537,-4.432074952813711,5.661720325718812,-1.267147233460884,-6.516969538721977,-2.102978442127567,8.729890841804304,-6.000687588657265,-6.678993006427189,-2.71335317298103,-1.1260367678161352,-9.945725261335243,-0.431533587614112,-4.562222651180198,5.606373816421325,-8.80541524155642,3.140612161857695,-8.070289669537729,-4.101172997613267,-4.4762838316380975,-9.939147730000075,0.774955287519693,0.9120762173008912,5.562088735293191,-1.853951798790801,-2.6760424923503656,-4.086356462132693,-6.093905079718648,-2.0838136286734503,-4.7256869466380005,-4.549698877652294,-1.0605830554162097,8.223735847217512,-0.21838284111454698,-2.8011297984355394,-7.750936186777116,8.854564499119657,-0.6115015255573439,3.5203173920095185,-3.6189265146966187,-3.634602390497731,-5.433732628072782,-9.037342113249627,-4.173834627021561,-2.9795855719364583,7.9632892399072555,-6.675122474421621,4
-2.665496484863004,-4.369076545192812,-0.0015905173650647697,-6.522260985610594,-8.1385150824069,7.106497812569201,-9.138839964112913,-5.147138601434321,-0.2566369390570884,2.100236710432739,-8.766385080994434,-9.882874886513992,-6.283976103112209,-5.888105216558267,-0.8380678128637271,-4.854949592275033,-3.4880842579471905,2.06110865670744,-6.749832327093557,7.566003666782974,-2.0121285999991576,-9.3558534744575,-0.7961013178854124,-7.097046185856413,7.729717464025891,2.31971592424531,6.63114116551251,-3.078706657605709,-2.684778518435296,-6.724815105793915,-6.950591223541469,-4.149750087430341,-4.443997877521701,-6.390777575476711,-3.883386018688105,0.06755281616433129,-0.22625548256471895,-1.046152294307376,-9.087307404812034,2.9642703616252475,-2.5201829158403957,8.060053058442437,-9.715675052927873,-7.118777021707501,-2.0251788331434275,-6.384631728238239,-5.658119504102111,-8.447654912723362,3.1722564961536093,-5.016108171523989,2
-8.821316586434314,-0.2289315908018299,-1.1164006590937312,-5.962889009082001,-1.28083820173768,4.945893808662467,-8.173374750522521,-9.39378331472361,-8.683920526749166,5.275029017198269,-4.770118976142111,-6.2384158021852185,-1.0329097921245634,-4.366371206517652,-2.740290320603041,-0.2324687070320941,-2.6206063503042945,6.054371718975022,-9.101448686373535,8.612286214004149,-2.0335977538615033,-8.522728011960384,-5.389917774505212,-4.640294437651451,9.170248956495438,9.54155950590714,1.7578797336587815,-0.47025700166047457,-7.440508474373262,-2.3488169865596973,-5.604840127071151,-2.9582178941254744,-8.851808694643925,-2.237995151641993,-9.869132250671566,8.1292509404538,-7.58814523751348,-7.445735025814088,-1.4558234403271246,5.808628991068376,-3.191619950487249,5.204152760375363,-4.285522276270818,-4.531152808857536,-9.853626968833208,-1.9217752753060537,-4.771287481046041,-0.23491339887874396,0.10628449445243993,-2.4689288898441806,2
-8.202539744586918,-7.085232022133513,-8.507647633650162,-2.1260334723488947,-9.603196171404331,0.9666707169350108,-0.3744656240300177,-5.3319384406063755,-5.0995093817662775,2.8158631636367515,-5.4164844280322635,-0.0452193379038075,-7.5960385876065715,-4.3988411107852246,-0.3249968761883757,-5.393535316348342,-3.898457992634887,4.729226413214064,-1.739239546756714,2.0942896871506242,-5.078370181082386,-2.40256916429506,-7.277062532531879,-8.817685874237569,9.709243853333371,1.0324602797522386,0.10123695798878729,-6.86005342709363,-7.917035495710495,-7.888881954699613,-1.149550377251975,-0.27958850434926674,-0.9275810544912559,-8.074153312050953,-4.622617797146393,3.006804739402508,-5.703751541609535,-1.585079282325772,-9.238656608176273,3.1743153251940717,-6.238468624632505,0.206459882560861,-1.0215866644343947,-4.7559689692713905,-2.619450586447151,-6.434998860324522,-0.28707331620314136,-8.436712207245535,2.4736433154814774,-2.5337458997782036,9
-2.533493756262529,-7.8452377934762785,-2.11357928734067,-6.702497448031723,-9.921464395080182,7.0101678546292145,-2.910772140709451,-6.4122240282539025,-8.515237356249441,5.440248881325287,-0.19083548711448728,-5.7562310164068675,-2.2417858497015892,-0.10185972776178787,-1.677098181068125,-6.614782175341091,-0.04616361308547212,7.148304817832928,-9.226048622672991,6.25434137346781,-4.702622067421094,-9.708128540806674,-4.760101458783957,-4.883855146738561,6.489729371649951,3.283133746138515,3.2436068799263484,-0.6964535024072145,-2.4860688605626695,-7.494117154503986,-8.99459236890907,-4.54115900731093,-5.053463762524261,-8.501721727841392,-8.115729057763835,4.4419719912772395,-4.158736303924778,-7.244240179853242,-7.4059630195615425,4.8134315426670415,-4.132664905562447,7.911354055771679,-5.292814589517193,-4.493155241382914,-7.927554791123268,-4.175149150359548,-6.263708993781095,-2.852415478030502,1.5557030749137557,-4.760599969900295,1
