1.5191061271007433,8.317171780029518,2.838712478286287,5.278562708737566,7.249611227709085,3.9199685019640484,5.341486983742216,0.14396804063017687,0.7969131634661553,1.2038661018947039,2.331558221759723,0.5234418918791661,1.8451348448637295,5.285592961481153,9.216231494899754,5.197982162555191,9.202185505393684,3.8062402694305755,0.7267492915628471,5.623967204552578,3.2142438376336724,1.6336407962790411,8.76182194497918,8.665815079986467,3.1167777805915033,7.756416848738922,1.1079290110109319,5.3190110096019065,3.1159386782226495,5.188971490794327,5.230582302393737,4.886876075551385,6.434595822248271,4.66281828937502,9.460054309831511,5.346711624208124,7.2408018684156605,9.723361362435538,6.284774267961723,6.9232196775212245,4.1290998993973815,2.227761240937831,1.1829650905592304,0.6435151791666571,8.372197840419469,9.731299423645849,7.484459375429994,8.30194107099091,5.260272569214813,6.932357869312242,1
9.9748373765983,0.15664638250051932,9.742135519786398,3.261738494498305,2.593641904118784,6.813709313580095,1.8514568303259715,4.044540089288456,2.140514318599621,1.532318505460124,5.43897458601371,5.032254736137895,5.741050244479516,2.9768340146603887,4.667981731682228,2.2072906835718697,3.987766197104224,3.222007063111768,4.4210566732939816,7.672138950842503,9.375140899796174,7.744136933795019,1.683485868445198,6.732624363766439,8.83582155122981,3.6068655252648316,1.9246852483072607,9.625436251362109,9.852648205821529,2.7965084199523793,7.966718066436567,1.481135270809747,3.993756360141881,1.076593116502328,9.469624794700524,2.622608055129272,4.35222134281474,0.08488192500997527,7.300581054332243,5.4087961225048815,3.2572622284864208,0.9078711064591316,8.622301665903269,3.308514876227945,5.835292514396481,5.923621487942489,9.513064268578903,1.379837744508029,3.766829165916553,4.887008537964331,5
7.909303503759539,0.17349411851700358,2.2621725315739374,2.287333793348557,2.6628125897655117,6.699201170705123,4.535995831891103,9.137891563308951,9.128287595068503,9.58722665147302,6.328318316322052,4.5479736689582415,3.3193529831027813,3.5251010060984953,6.39616401290982,2.7254710802444784,6.163047600834646,5.600155874444129,4.86802551041259,3.4946319148921146,2.623819522794586,4.631940115893044,4.294685189062778,9.931876496041157,8.523302391354905,9.737408850323972,2.307660193433607,8.790820746379971,2.099775571579885,7.503731727109879,9.764045306339458,2.7345606789543666,7.349579612474772,4.109254949466701,6.697412545901605,0.6305650392144391,5.888359250864727,9.526977612784629,4.118404457772982,5.350709937495122,4.148490333672359,4.248439724273237,3.132451726148867,6.978122620926768,9.222291919831674,1.1847547567295746,0.30408630476782994,4.873027951936218,8.46016452968444,2.6939995691699217,7
2.1458413410129538,5.771436830444047,0.6856022548072793,5.41022733359514,1.5839785546565177,6.3219345835486065,6.786060627489341,3.2095370528261578,8.39373280373348,8.87546050086664,8.99628670301106,9.61648779775096,0.813532741121128,3.6600345789059774,4.436517026070186,5.607320306145741,2.7563092158984337,1.0982614719264105,1.8511977337294039,5.218988411674518,3.6331289592177827,6.244457668903189,1.3462988556656041,6.383576083075766,1.3027305229991792,4.7997231559584534,6.710246878230172,1.5318863583287778,7.502941975113271,3.9409479146119186,7.636943038752673,1.5009052203496387,6.707732925735749,6.480781698589286,2.2074816621407045,4.704336066726968,2.9295715110666656,6.53656450554056,5.749310307725333,4.741284412262584,0.8412585541278861,8.429833050785808,6.398889542018829,3.198955332317258,9.79225203467023,7.594259206002773,7.776895432512866,4.699044220578241,5.224554560116095,0.8514116385781956,7
2.1249218457434615,3.2281605942530534,8.242386728065592,6.28032056085917,3.320378576697971,3.883176504549807,1.285657949088913,0.2653530638609991,7.728834178248787,4.576245066460219,8.03668051177883,0.7452962829633247,6.392795383030244,0.549663001193248,2.136998013092677,5.93886277027353,5.218610132320125,2.737073271184489,3.8614216097874996,2.771692205935957,8.70345029690435,1.825957670942977,1.5075039166036963,3.7881103192067656,5.089688788620787,9.833300055845424,5.840537709327119,3.8183031761223285,2.808145866342371,6.54973810305043,4.028670491653673,1.3910275621063606,9.90247505698219,4.508321260813988,5.7514286170259235,0.8200768987372187,7.664736704595745,2.3533803746726734,6.17904953044449,3.270457638001779,5.8165446068515445,7.182042268147724,9.15347617112055,7.04647632207828,5.01242029939249,3.6658647117914356,1.7239099788840162,3.0441702733900975,3.9976762518007245,5.189994995127112,10
6.933824941952263,9.285318346556913,5.4064977568369805,6.513575823153625,8.428810218994832,4.594024504801317,7.720380678090898,7.926246166840185,3.9559902641855405,9.45101857880017,8.236120851830677,7.144101549886997,9.944146694322354,8.848749142729755,6.19750484165715,5.7330924481827665,4.100664938843206,9.439891430777408,4.860128542235125,7.639465376832683,6.542192414060803,6.943915395700616,3.8356720694180413,3.0650997507895825,4.037608092276736,9.549129456996543,6.175633140187151,0.1443592905549762,7.41112838946666,9.052353928745742,5.066153309700785,4.428374076162077,1.6675751768640923,2.4218775625432865,0.817291340468429,3.23360392955757,7.8791565645074,4.9034039592104515,5.387581939330074,1.7411913601832618,8.557130398275476,4.28748461880904,5.165481993844786,1.4707304143110955,9.243901079802386,7.534513052234448,7.817092925247011,4.416353601601523,3.586498676835558,1.006833880053405,4
8.776242527951762,1.5340322879422619,3.119701346217769,1.2658834139216302,2.0983180355451028,0.8927034283274882,6.640324862987298,8.088014548320762,9.511286905402843,6.232423399927519,4.628425539894197,7.038705281624818,1.214465015722146,2.9629116741269854,1.2493885884398948,7.506790209037037,9.985780363471155,5.87822507622037,0.35218762062890985,8.282316737795282,7.154311847775451,2.2964494947880354,9.896554056229316,9.653979593226357,2.777496200290038,1.1147802686998232,4.8111417386665964,3.144899796996532,1.2673283123555668,4.769993646791461,9.69395317080765,4.707984481084423,3.174691561495766,0.3172174010479101,5.042679704780807,1.842330554154581,0.9754428579381513,9.84352173522075,1.0659528050088507,6.5776095791915346,3.473198355981059,5.669044774691052,3.3117732102723183,5.790170104063952,4.234220029072963,6.527419410774082,9.394415321384248,0.3392576318111329,3.515799112951785,2.944365181867715,1
0.4450918481080879,4.410008604538538,8.960413614033065,9.769049227554786,9.79027801380654,8.215568030647432,2.7142604192688333,3.6476010268356838,9.835725334260975,8.7150403814172,2.367935945088032,6.079830631857118,8.767273574935787,1.4703855426784784,8.999947681068598,3.315268938702216,5.501833594594193,7.917110099608538,5.781732723331004,8.318299454352722,3.2702697667282363,5.032669097183824,4.042295631716517,0.8634647049257871,1.22840848478868,7.0292015183435534,8.121314092422002,1.768296627232745,4.224184187229627,0.8314766090128833,7.683538607479096,1.5110037027365364,2.190258408019533,6.334272141768789,7.310354470157124,7.280180635212204,9.84943459970713,6.472155588546574,1.0072464795117808,9.585949164072087,7.978015326639736,6.280960466065285,4.399394376936353,3.7563864560875295,0.5193366142478617,7.575406822157898,2.0520021082211004,0.34198926742574076,5.5090658465687214,4.361342512526728,6
2.9391225100903515,7.878860079035254,4.463868320057967,1.3912480080966405,4.190688460282729,0.5082791219770921,0.7320888806350034,8.01014484229793,4.504863391407577,8.152118988470429,0.7690535816727118,7.8480960628575325,2.7227930178156514,3.9188869378502744,4.399802266550226,8.258653905754585,2.6193025277389195,7.842828927599246,0.10157599656587246,5.447398705090394,2.142513541693053,1.8751194510017044,6.232692699119494,8.261334183884694,8.11365416730259,8.749441740427926,0.2748534207187714,1.895366480451447,3.5027541245297886,8.764953761280012,8.857613847406075,1.349429991121952,4.6808369871250495,5.207859853133163,3.8744799343325043,8.069918076332508,2.2494486932642133,8.08446087339933,6.162621933946086,5.30316218452887,8.68017681172584,9.714049575938539,9.821852519764807,7.5747267060504795,4.771084841367253,2.566080326122393,9.079094656086093,2.9916891362354727,7.341832448261321,3.301064259461323,4
4.685315667906905,8.422956422240205,1.974991069461558,3.0914692361034013,2.7222500572589245,2.1014928405734956,0.09772217771014113,3.986764386810915,3.313117711865383,8.657019317979795,2.972266484237287,2.8053968234983415,9.496796763114816,5.005568802390691,4.2278608376693585,3.150768060235177,4.164107384144648,2.664091768505341,5.77458993404681,6.421202853033466,4.40817839035314,8.694635232938799,1.962088043118566,4.870872260840365,2.0878232435995137,5.850249936350336,7.006266061029884,5.08297206396569,5.976972686742476,3.152794520080664,3.149939892799888,7.385479346902516,1.1016346051085169,1.8008581260820566,0.38103011660530983,0.18043780695506273,5.6021798925789,2.287418532042871,8.650029598406576,8.977860091145613,3.4667786899583697,8.771755097451342,6.080804338390004,8.4091420153308,6.620864461028635,0.4851053480791412,6.465867704053157,1.4215582712803732,3.9848812433743577,3.746795589506159,7
0.24046957447105277,4.8508098710322445,6.714226576786494,7.994460813167858,7.008898781672529,9.260598714545484,4.528165024627135,4.040434239471846,7.382322371135914,5.202962434647217,1.1393581653152363,1.3622855401434797,4.489354545673986,7.762760394789624,6.810001337193194,2.14170473339908,8.02379401518092,5.295900731374435,2.7657291477143287,3.930888424979794,1.1306750771803808,8.394530481066402,5.7555736189080875,6.581015812904495,0.19877226064475062,0.44267278337928095,3.9977690467845637,5.574295420510578,7.719434270366241,9.783597851141439,6.506084043101895,6.89362493028538,7.119628119629193,1.099181144298046,4.029674641306551,3.9258863517767706,3.315042126834574,0.4411259085357455,8.269677270225019,9.063575343814115,9.445063427624016,4.93561244443995,2.365809825746653,8.383391693940519,5.082962182345719,2.0014649134500906,6.620312749011243,8.880478116963133,6.334641933876263,3.8371421292690764,3
9.79068745997473,5.3733179303793746,7.900444351115442,8.283361352657293,6.125755763158772,7.421531853883986,5.1229089710862965,1.6800849323323586,0.2023714668684573,9.794335199964229,1.4501505542043835,3.817513439391489,2.8036344861754783,9.770075536151975,4.397142095862435,6.240347499146801,5.489745201685242,5.2720063418897665,4.011972345190982,2.519574558959008,5.273554891194898,2.1269726328206917,1.123115146524074,2.445636429863711,3.2002296329331594,0.08522232541489094,4.169332443788329,5.889199736781098,1.0782589108301166,5.33859267182004,6.184173304260234,4.841438861573355,6.602589233312001,3.703142661070099,2.1149116357612763,1.0501315194291194,0.7845161850672167,8.298387428917659,9.570677512573864,1.2443478760341764,6.071612971453044,8.053481520767868,7.9587603832902465,3.1901552242737905,6.9805910941923255,7.547688586943243,4.154956091225045,4.105226979293727,7.011682895225503,2.4508799609330003,7
1.8255891824872428,6.320714498569346,5.94119966699367,7.022313347265553,7.244771654446124,9.324131746737683,9.06022031669498,0.7081520771049288,3.5031140699298757,3.1068619137919784,0.05309695548013749,2.7526315091450906,6.403002757164109,1.1405430963025764,1.9087029768431918,6.588626227879757,4.921790749101631,3.799654243368804,8.83903573395772,1.174183507276163,1.5511905840714224,7.253586979176721,2.7449348302344854,2.8290238529294385,4.049016614650944,7.038583836946231,3.8754126475976736,7.544969101793305,0.5250121954722331,5.805170755083075,7.811967282672256,4.106928118888135,1.1953460742737287,8.97089504317175,2.5235317925793757,8.89536403563099,1.2353939614323939,1.0135567418115266,7.1899894896555585,7.211165941365866,0.16939815491010313,4.017784351162456,3.088278225120641,8.02172687614994,5.8634113227840245,6.251392253501176,2.0645690534265393,5.381035216624395,6.783083074057062,9.936604818451455,3
2.0954108295131935,4.1527642177652355,9.92525155188683,9.040368074517058,3.9633209771359548,4.517597322707471,4.480603434905394,9.074739224185224,4.095624906886204,1.9083974978528084,8.075831503532466,6.926364729256138,0.5839497679859929,4.841733999602138,9.856450612239387,6.859668441517828,1.8346532490838985,7.540746638425313,8.852882753339742,9.417174064451366,5.426860616860383,4.03011292738608,8.432814519474702,1.8412583939010263,6.924378523386624,6.278913487398277,0.6004593291537741,0.8854415430970097,6.255349088167009,9.342291564526267,3.7136285386003776,3.4693802204495814,3.799585606024208,8.07161164062382,3.3897823864303955,8.026266389042476,3.450000169183345,3.989033124829937,9.693589420095247,5.568026224604737,6.748161877984228,6.700808738824225,3.457932542904741,7.580089539622223,5.729072973804489,3.1300683239275173,0.5498999036204388,8.253485253233844,8.513400154172643,6.034780275103681,10
9.525309061862421,3.392683254837532,1.3629449917971292,6.741260229363778,3.8152180830004934,8.52923343074399,9.222430223556131,6.542976873127006,3.4229384303228674,4.20353349823703,6.962258804753484,9.80622358902404,4.382055369369391,9.603622128981254,3.8741781270466125,5.905594968114599,7.756424492860301,9.877298341616894,7.587454369335842,5.072504731964508,0.28238886965455623,7.4592246416741155,9.875732028654754,2.854888306658564,0.22371002064756507,0.00184561010852069,6.375138784448536,2.348441191202043,7.598284852408733,9.62874057724109,5.434422208222962,9.223101174985993,0.054346931334704474,1.3641416751316493,7.541363211159505,3.991348523336513,8.98106024006401,2.442054279216632,2.7610080779131927,7.489648117361094,3.895198439529952,5.439599089490171,4.400357108414151,8.644732333416957,6.725451917285619,9.90637593333122,1.2332368711843433,2.3557293420067795,8.861650838822065,8.335789983058842,5
7.249936972838411,1.58768002708368,9.705450112886432,6.19467703176526,6.2972228342782754,8.97723338273518,3.0249086858353214,9.631712843620305,2.155774741149803,7.717301844427312,3.6387182605059785,7.938225330478494,3.719252083005941,5.723447247088829,1.7615254851375928,3.0315327589795125,4.143188332977098,3.5240635489067507,5.74336894821508,6.414353038039855,4.646004903994307,0.9461607914524972,5.1074586320768764,2.0443270264297575,5.322813531027353,7.338769476446717,9.773144282419388,3.2294979312069283,1.8650575627829657,0.2977432261508828,8.333991442430001,8.351116684093418,4.492491831752519,8.499185430919278,9.047863343940413,8.968339245271718,7.772216591956007,0.5743180892576083,0.010843230456322184,8.992695588403164,3.6520971362319123,2.098777936716034,4.45625619354463,2.7672666489050712,2.805151986360197,8.069454073749991,0.48067494728981086,5.0354213572765305,5.891744138433884,8.002570106787816,10
6.150744811412343,4.7905059886196995,3.9891845996823463,6.142159484302747,4.615422437457934,9.126083805025026,2.8000109872022994,0.054635960169429065,7.373944707159463,4.37073164608757,4.490231803314458,1.1447536675896108,2.517102907360141,2.8139314137997706,3.959279242558366,0.09801753692722848,8.298130156712984,1.2569978208227661,3.883806251064452,4.720408592381701,8.946403825006929,9.448800460671787,6.546794653158521,1.1331293805046894,9.110712629793252,7.772017621903222,3.5920592705188445,5.985856278333202,7.259218613011588,7.144717000160008,5.33640930457437,9.219792212539629,5.545880511126814,3.297428261208074,7.204692514041379,8.78116941319518,4.171646280487542,9.79597957093993,7.948658944667929,8.520178166608098,4.152409237448309,9.991046697199899,7.445722598857971,1.6255196334669775,3.397349688639574,0.08054562134644394,3.0486370845877753,6.692917897911137,5.285537363077582,3.173466231433082,5
4.523798466647459,9.587296155572314,9.621213226496169,6.925949529536787,3.0067526066619776,6.58512127331491,6.406969322802011,8.5119542647809,6.604178084353335,3.6902206324304165,5.001074337592907,8.264526365289983,3.2774665599749744,9.781847026709878,1.2185344122021269,5.438380779213627,4.07551371372743,7.499515609706226,0.935572515111398,5.260401758635566,5.783618863891289,5.066427677320581,4.716659782175098,7.161427465139666,4.648604390653466,5.127276752732253,5.959732990512715,6.174381105396863,1.4976206701946881,9.868087296964745,2.229271409636573,0.19861776203182413,7.258776393960482,1.301917880519745,6.8977398794245275,6.803769726800555,3.167437162708091,2.5495075016740874,9.910328961585956,4.667885734808771,4.772769041771587,0.9230430107516396,8.775064213199297,2.201788800172518,5.809111765979874,3.0850941849398152,0.824804244201307,1.9290327429049292,1.528458177615738,3.661835886054231,0
8.337114471281751,6.225350818938324,0.5896098162610286,9.824899329020285,1.1584261742896451,0.7113914508688446,9.837225287317544,5.740007894110802,2.783771515096004,9.311700133002565,4.057975294946708,0.46784297583157053,0.05930593416983432,1.0268088259246022,3.9558759252586375,6.971043027841478,5.375071293902628,8.81615233542377,8.646667512198633,0.2527548617574127,8.375517886916658,3.657575773027185,9.414358535364622,4.558522655387937,0.8103933837675847,0.37396644611296215,3.4250025393687777,8.42269616790579,9.653793681503712,4.9157214017789155,5.604543385014786,6.182850926123292,1.3517148551052627,6.427996987261086,6.076780046996864,8.764751913875134,5.834913081687486,5.8434109048597875,4.08662747855305,9.389978802347027,7.871725938234695,3.351253397408388,7.726845600100339,8.613571722258458,5.5950087960904575,3.8986217330138997,4.287485379847851,3.3139034530894396,4.641264887601402,9.558509913232786,1
1.4654576720734969,9.34754790672674,4.856024278060254,6.930624718765807,6.394595433108046,4.913570521104819,3.2012147630865275,4.11581281777244,1.2147074331741003,6.365893819537919,7.649935767823686,9.513250757932726,4.606113408752525,9.300516946720853,4.614058556014559,1.4893446017441958,9.248138392114646,3.6012309991611002,1.8346565254556224,6.078336414477733,3.303256517029005,9.69807029744976,4.321125617395506,1.660778431314559,7.38601165559822,6.49230458765804,0.5513989380460615,2.8385000245374457,6.750125447396327,1.456461880851454,5.859048019851887,8.997908474668574,3.478035822841549,8.18599419003312,9.571201488235348,7.3372277212701364,4.461129561265546,8.315547533676165,4.796610914625321,3.535337269964214,4.851127623052813,8.465393677076571,3.3740675549800105,9.044446878894847,3.0429581468154354,0.9473564530049372,1.1229200493747882,1.6382537674327402,0.8930634459644604,4.600546283938632,1
6.5749365275604745,5.865635427514492,0.09905041610474785,8.314139721448043,0.08023736979014151,6.9933002312873125,5.822831712482293,5.352701031003879,4.907768898190151,6.6510237366585905,3.740206335390118,9.790869576588262,4.172528345172535,6.7860360316666615,7.221316349474981,4.590873962967662,3.4556986475994025,9.148913242658827,6.042079160205401,4.253248716958424,7.542852836904837,0.805985599368575,9.962646254670794,0.11297343537295168,5.153250254602155,3.3306470014630865,9.916409284005018,1.0682359460502266,2.399435017497443,0.47673826479933124,1.0730076244060305,6.374390285955155,1.7315158258665153,5.30120029226422,9.699271749138358,2.727347199961682,4.225723551177248,1.0417666577476836,0.4297422252414218,8.863716472708138,1.6901965065251856,0.6123614679988054,2.2922965811245577,9.388845669586432,0.9754715451697682,8.326482000030895,4.006627229727206,5.3189191294977505,3.692067504585952,1.5996031064638394,5
3.1984217121947953,8.759648018312877,0.4543776857839421,3.625313715688425,7.950266929062691,4.119624833806423,0.4494079481123414,0.171269315107192,4.779601734329209,3.2465265949210997,7.890687800053614,6.017606866760525,7.4373877338240115,4.841825133719889,8.59674337882722,5.365525434693101,9.54249832089042,6.982452527425327,3.370268953347484,5.41818312307276,2.739258672098944,4.667645031777052,6.411266536689765,0.5961958773612308,2.7895943641135545,5.062818468572724,8.897297496962672,1.9236654677466392,3.1710717601789518,0.7639118609640516,2.967409336510607,3.1581628468587852,5.749177477779053,3.4678825943505167,9.714742413833793,2.926986513783673,6.242153794830373,5.542897721945202,0.4045050840337261,6.203699323608275,9.139982490227293,5.314091894828074,6.302071550796349,1.6726424195982448,9.720275507173595,6.5530699345850385,3.564861783717166,6.029808729925421,9.150946441736519,9.373986860575137,3
6.331031031349113,4.068671273307153,9.19707247527427,8.133087408921089,6.73363624134176,6.109590347486177,5.448720238717872,4.149977530580311,9.954439375124695,8.790082537722151,2.7998430332425492,7.974464528529124,5.665434341561573,1.0889545233937559,3.1841527735138477,6.58781683717705,6.5284003820946435,4.1225882546440085,6.213434578885792,2.644071859318704,0.43863476542246094,4.014336298495492,6.5944020044885585,2.9794530382186455,3.2484470950813704,2.1860638068488782,2.730809522437224,4.214320808133321,1.725715305396216,1.7816192000736752,5.600114533052344,6.155037234054573,6.865909196225526,5.593343343951409,1.8077233840540774,5.832124978050369,0.0872917808741569,9.583878191581963,8.37681978281516,4.846826679759648,9.754898434880204,3.9331779329199335,3.05635643065725,0.7272716625922226,0.23734694252887878,1.4546542111835392,5.989409803637776,7.852800866223148,7.662478884224831,1.5342473265029855,9
1.2024302566979506,0.7266064759203739,8.372578327460108,6.652432008795111,1.9948099952609344,7.563283098934299,4.660735148142594,7.379402239898877,6.3868003461731835,2.5976656374899596,7.28269199902694,4.140713381334594,6.745470870593527,6.334759022054622,6.889778821049792,4.510021262563685,8.806741722817492,0.015908157374303622,0.7686361768450467,4.136372158072491,6.809204889919959,1.7511275176824703,1.2434626106351498,4.83371306447494,1.752613482243659,2.1477476666679296,3.771217113491794,4.379504865930523,6.537098943047449,8.55459793720216,7.515923058472759,7.425421004858324,4.784304943447592,6.257783869482262,0.5343382695973242,8.89364871186687,4.851541000078311,9.856495862723683,8.931333627811782,4.5736283336735974,6.804725557224355,6.251006937537319,6.865477975032039,5.235391521075149,2.6641993620112094,0.34865517569916626,4.863790380991305,7.17299367016417,1.716250842370226,5.092551288018068,3
3.909804658867031,0.38551986560929064,0.7463074481402265,7.218889332445098,0.786805693129975,9.625209764556349,8.964416858559286,1.3123965627825562,0.6855091543606329,0.8135849451728927,4.7136626876477505,7.4360452943913415,6.0120271505856815,1.610210566930148,3.6287381157909526,6.3065218936015945,7.26411222465439,1.576165284170603,7.705685523228217,5.5711528134682995,7.649218605541489,4.235890761448562,6.748898595571875,3.6982803422719757,6.873342716205828,6.293398277892485,5.951238387163947,5.198612784567651,1.4588782169714132,2.849426521549314,1.1240144313739608,6.796582083406926,4.5961831741489085,0.0353402570701844,4.7657465729445025,6.331341229162125,5.475843372597504,0.9675007207652797,2.8398778297804017,4.194060583158405,5.239813495060348,4.047127680087136,7.1295438705900525,8.566581846982944,4.736350389165766,3.5798065307332805,5.6484034343310014,7.265598205201033,7.99264667596176,7.37060199719985,5
0.6105729051025788,1.2275675346355108,9.95082257311526,8.351883616228447,7.9521595741321915,5.545640669309809,7.507200452408625,1.6813584048480013,7.696018449431202,5.339699892494707,0.533357998964602,6.823471666840769,3.70898314814014,9.910980429105438,6.844485159475719,1.5496200424917705,4.785644272923922,5.9886475235385355,7.83076354454605,9.650842429172375,2.5595690917978855,3.3596971820436528,2.295731658195863,5.429331044336257,1.4703346172394893,9.562376688368742,1.806204152832649,3.613100909139634,8.591370583662583,3.8678173076276567,7.577723401942899,4.906476686803451,8.558615765706511,6.8124706200751195,5.821697291087688,5.054606453722964,4.5298587299111714,4.444259810929431,4.325181113126996,4.8700125135560315,8.737566060275066,7.190688021028013,5.910091807569016,4.559232633354647,8.900160875466403,3.7380017555711698,7.1141420932685575,6.5768681196599585,2.2101517173638463,9.254780058819156,0
7.048754883722071,0.27772804860651035,9.719466020918357,6.211749031225021,3.5867587704336437,8.473728064397658,1.340143896231829,8.753645920387243,1.335897127511928,5.505184903936326,3.9598616628904724,2.773228798650286,1.3819816281645814,8.330334314891951,7.33236438879619,3.5166245544860075,9.02008145293064,0.6073823428910885,4.739362331205989,5.44331184430953,7.245283267171981,4.934011762762534,9.10098177843521,8.423006650684746,6.243787366053409,9.201601293061367,2.345358741000002,9.56409162825153,6.935804613937212,3.1892883026212457,5.309736944421292,5.7381190566669975,6.493992986400093,6.665843935835642,9.548804176949199,6.39689282963471,7.5484796338341456,1.7637576359673002,0.7493809936149265,4.890971183518883,4.469638082938506,8.120002749501927,9.784227137382322,5.482500959604762,8.502537980322202,5.1958192011488205,0.06080907420022652,3.29537771551752,3.930677429773767,2.4695659210163825,10
9.228040077049032,6.978119417510617,3.615512835384629,3.3993940239526466,3.863942102009176,7.335173991263494,1.3864969315694209,9.28933735060425,7.826616231913077,3.3537450464230014,9.575129430228733,7.212768640127608,9.682533520974005,7.075372739127706,2.874296531961754,0.8416282781264006,6.7076533589714185,8.763437158496256,1.1048223761140252,9.877587931404314,8.34637646389642,4.56244653360322,2.4540962555069754,4.3077062013588865,9.953347613648177,8.733951642431204,7.344920090447436,8.586979161115277,1.482131679405253,2.9305514668212584,0.4088621773113188,8.354350637263062,9.265992511544468,7.01108912313792,2.052301588943144,5.266666474795327,2.4614877703827664,0.5679172093795926,0.8086818026468989,7.5068637503223,0.5648105501402312,7.634055027380866,0.7700756787712981,3.8763086770141673,7.705162634473685,2.867184495864643,7.925370089651782,4.227562727356782,1.9771718218478462,6.8446271571143384,1
9.346063526875536,8.323676169441725,5.740691073021268,8.434608742363375,3.775454023148632,0.14050775359076284,4.796792523457426,0.6614690383680677,2.4893749743386206,8.646085550937542,5.411351760112886,9.106516078076897,2.3539083215547416,3.8650970382045635,5.257693917353099,5.69714441064631,2.351561177462308,9.91277344410162,7.151514027449043,2.45127390783324,7.63392700716423,1.3242654902845885,6.867477317289303,6.498701300307692,2.2553767316906814,7.430612150325593,2.428067217157346,7.97628417622415,8.294439037012959,9.164253531869191,7.511045804985206,2.9499498813644265,3.405200412376519,4.492908536189157,8.156624097605231,3.6993021711294216,6.630155169998729,4.742083804465232,8.299980693974726,3.1426476551013707,1.9071576230889276,2.8934730967924915,4.73854406321816,4.457941155972343,5.747396832818524,2.7844392676224605,4.877523508812017,9.357368442510506,2.0266692216894633,8.810928446850111,10
4.624438592897921,8.91912837706828,7.550258872016654,6.046150873970967,5.075046621690191,8.224919085625379,9.952027494895347,8.020778270664351,9.878612624545092,4.467232006706279,7.214057572689116,9.913529379347,8.808009721283835,8.070426602334678,7.9797104621196,1.247195664174121,7.666327604338804,9.994517722481497,9.136787410296991,9.151279389163658,1.4355757648407252,3.5987570209993835,1.4298675266365213,4.175320380619064,9.803319104684933,2.046544186948772,3.681218814868074,7.93503401763415,2.466653019880339,1.0976069003728806,2.9360224638171606,4.818106524144879,8.142017521120398,8.602183661607075,2.0266181868303033,3.831519307541913,2.0616143808562493,7.628270858677068,8.365268919682958,7.263786194950127,0.39951925326379034,8.840425184505303,7.312573038730461,2.975450009508551,7.827677059282464,0.6353890993187816,4.293447717426835,9.14826835435427,6.697333858631341,3.532012920796296,3
8.983924796409195,2.672112546976332,3.8155658672900117,1.0221778419871919,8.375186460763132,1.6519246240499252,9.77864023688346,1.5119153088272752,6.496462126665893,3.165548333865579,0.0053515966977479845,7.300825687516683,4.636609957134105,0.467835321154767,6.981003725582068,3.1066674893691983,9.836350298742593,9.757939854322226,1.2017050676855756,5.158130172667676,0.9304412811345586,3.61648967282181,8.619945944758861,8.881350426551403,5.68838636973839,2.6538215252815767,3.680991648712987,6.289335225547301,6.993423213944601,1.9789109739628263,5.7450471104180405,6.169082296404325,1.4981422809479772,4.955045094053494,4.3162613473965115,7.918075135770347,0.7669667746496256,5.650672309696559,0.037944277756629674,7.1930750331811915,1.7310302987754222,5.92012745255461,8.592815532653894,8.076869405764732,1.6239501538912338,7.8984968111351295,9.189900982149528,6.791647202913261,7.446983743294502,7.520287285112453,2
9.993507221451068,9.059085227816238,8.415116720372154,2.536480941116582,5.561569105538629,7.525949362724665,6.65326839788273,8.848965083286158,0.549719723941694,8.054795525270698,2.674217938325821,7.176518991831072,0.31333389796223243,6.532251237487819,1.1183812864858145,7.635494920310471,3.105238794538445,1.077226798520321,4.341672560487605,9.426772068446699,6.784592865246451,4.275805802746544,4.568061234881067,7.050256341590833,0.9916366788786857,2.1646833376472765,3.1078188169237464,6.09545658455585,3.3235138076387063,2.8602574048435248,3.797843750053218,2.849449367799303,1.5499258209315336,7.1166094889021565,4.115278843011685,4.1688889939773235,5.406156209672311,0.2846579635809643,3.8053345773212186,7.118526623064625,8.26214413430803,8.038873028528675,7.029063502462885,1.8919863677061644,6.9111454406553205,4.457144757311578,8.513619808824886,1.5443616609044508,2.041564612832296,0.8115478706153278,4
4.144021692116028,0.3004243657811978,6.643557653511798,5.933595357076424,9.994175646615046,7.97000659331845,3.9609439396942037,0.8515628359787519,2.1081800176490995,2.6516689265642324,6.429082706061282,1.4398862553347258,3.510324899444722,4.420454415427133,7.306985686694244,3.6637408745581923,0.37258070880427097,8.439479225488848,5.7217378213939885,1.2542684910882362,9.045175813005192,3.1853741004852387,5.779507212266031,1.8857953790705606,1.5294019805978631,9.111073561191663,8.556539931667741,3.4694352693119948,1.013773538501992,4.671178030761782,2.118807154626033,3.005428839379636,7.165102403343356,0.19099209303131914,1.0366616448265698,9.02712740975948,9.933258846323751,9.494330100583815,4.45786690746861,4.738247419487175,3.043881950465087,5.528940441484972,1.2002021591122858,3.7548637506571514,0.0592609344822026,7.559880192699374,1.1673245295926271,2.527189076817844,7.2948473433092325,4.651875315060982,2
7.43934719207218,2.303344456908004,8.430951515461489,1.0005042454868152,2.391345085222164,4.812192484242075,7.742717995910588,7.469790588009024,2.2206134089991423,3.5595261037487678,2.519282368412105,0.7742203310334861,2.7451673056565085,6.7025272696454845,1.153202725153123,6.414813752159879,7.733905065385366,8.395254733223522,7.658382460786193,0.7536207947847373,8.049515143486502,9.566807806673364,3.197564177295887,1.356178821245917,4.784251663593945,4.5319600572187815,6.472915005729351,6.586972627592833,5.227137329740974,9.570209097212087,7.159922613438042,2.4268121985372995,4.935164898578057,0.41500363595082357,1.3810286800845795,4.737803974395652,6.6599980374920165,6.408474754445772,8.171356124907538,8.622347982547629,8.389252412105755,7.53663658106066,8.95870350475933,8.244152740272904,5.611875398787483,9.29477926904986,8.012965084139896,4.0658734622487,7.52105466300065,2.7500190809336553,10
9.314803753311741,8.375662983807748,4.329277223379399,0.3336789208919222,2.7184083487503963,2.344952383051565,2.9971020500364522,0.31257975657551285,2.989928690543737,3.716067770101538,5.114805687937453,8.601029531428829,1.5746834517521058,6.049227164255972,5.929869870376022,9.020142573245591,7.456977073580769,6.150789329629717,1.886105847212115,3.1624187012642455,7.0002553774082354,0.3489896818036453,2.974972706054012,9.25394257882822,5.674888968444042,0.31696757873071024,7.254434917986022,4.641742048008938,1.3152266999894469,5.757689355607981,5.388034525248992,5.437368631940665,9.766704835205166,8.604270661713432,2.7390416944034115,7.842042407259379,7.930388457569069,2.6989228585143774,8.720633032418911,9.453566134574876,7.48435961231614,7.931705345842703,0.24048144658243453,8.505176217321202,3.455876723617164,2.9473951519947885,9.839686328357875,0.5973160399113708,5.040288746055478,0.5065060687793799,4
4.136138984894472,6.88919431061723,7.034633868366084,7.186999275198422,5.953685093728696,0.9257088039198347,1.3597883103129726,1.4122087772788638,3.6645660916463054,0.18431629076176792,9.898358432686392,1.8984146208124142,9.24688777435314,5.254950557872632,2.758599908382169,3.1951131352640583,0.4670405076765216,0.6581899024175686,7.057244679694926,4.839280777956024,1.6575907080979657,5.98747829268934,2.5964602265813816,1.883781739508693,6.4872885397641795,5.552353189315362,0.6777096940957905,5.001901513529967,4.896538115901784,4.31525729146789,7.02427302295396,4.027690470897434,8.077733719450102,6.0799316106361,6.082851084440634,3.4346138268031003,4.999679703608932,1.8594230695645686,8.292199771140007,9.804948439610655,1.3968608931433435,5.534536067115976,3.171065221598565,7.027373085370696,0.5391249068545356,8.112524309380326,9.716115522089494,0.19280551904951593,9.863798908136271,8.494569367973767,3
8.139961073291142,2.6656815222856958,5.899714264535928,9.571677627627968,4.255534079372081,1.1318821633137865,2.998573565150174,1.2312020696011217,5.412631072294053,4.999604474894198,2.009361430767683,2.2997432993320857,7.0470026464749616,5.131076276366696,3.990926444997519,7.149579845517801,2.8525117405248124,5.869281326002086,5.770669939741025,2.463496760590853,5.064661451513909,3.4930525671667323,3.8621815453089647,0.3694265547348896,6.818903678443224,7.072668640514795,7.054507233346373,0.3515925993793234,4.5715573481013605,2.179260462197097,7.836488022904198,1.9659221568135365,5.746006535613953,1.2443889597598912,1.6372112774929437,1.7398248277358908,1.4787548533056993,9.741211342710201,5.333738601989141,6.4752533338645,9.603489360170046,4.486885356793904,4.2798071453167985,2.1678529228515253,8.432918740136468,0.5397843269350644,7.1090887147904835,9.862317034124578,6.869489475474636,6.4837928487622944,9
5.680215732562207,3.4851920798608873,7.04252675626692,4.95491375011862,6.907612767045391,5.744272669266084,7.999797560312584,0.38909859715433814,5.996688424567379,9.653273474932444,5.347268552798568,4.741443741668215,9.045899651285081,9.213463485569058,5.428609529098059,0.8298322755434606,7.007074345498452,4.375625245260995,4.930582496040893,0.8592650211493813,5.512100019033113,3.0882050526672566,4.222999587647721,1.3154574593855617,0.6154766597842143,5.783197856615053,2.3460824993427885,4.626952193028182,3.9415256789938047,6.2929317560144185,3.594521706623607,0.0951039204595161,8.78613300128994,3.390094173878512,3.09623842620411,8.817059708054618,4.107380391410498,2.9421526928670785,3.2409696341163974,7.281787659675457,6.81677625304847,4.595108531708579,0.5086509006894868,4.211481740447543,7.4857880257475875,9.327679665613308,8.698007958093147,3.4429004876316194,0.3626278410778283,7.623755965373523,2
8.57985060214715,8.675597946260211,3.093476696579911,4.380200515483789,3.171706416566107,0.35443993827918185,0.5023023934763859,2.5365648033050348,2.7863367708784637,4.6412884905404175,6.2837263045113,4.804710701372455,3.2328638769506224,2.297512765981412,8.453334531337479,7.510703430709497,1.6074768958841135,3.153665450452443,4.40957205066943,5.582406412091814,6.329613104285105,5.693204075906504,7.55139031886322,5.886897019527902,8.243690665297551,4.806526740046016,9.180421866425664,5.757170637345293,7.801115522007718,6.435290636783002,4.19041665063922,2.3621610519096414,7.31839045993784,2.6723896066681165,3.9243397659038814,6.298008542695223,4.913481354690287,0.5078854513758724,2.452631090627597,9.50692158459629,6.295599644887108,9.784639011131691,5.003745235042119,1.053758761935456,7.568476481133821,5.020054718509992,9.173516738948832,2.759207017597689,4.909086252025605,2.3469932582585096,10
7.213032412258057,9.857448146647386,9.364965468906936,0.7147216030143011,7.316679234979064,9.665666365071962,6.908305488266827,3.431170611704358,9.682968892818458,1.2757971956489522,2.6635299336724794,1.6526029736015924,4.060774161063431,9.211138477809074,4.729668013373004,4.190642900560285,5.824996515214434,5.513041748311547,8.907384919754046,9.101835743831431,0.9099131063415744,9.893866854486642,2.629248260468237,9.33878920807847,2.0950933884315717,0.5869187914849949,8.792878271080438,0.03645844405313903,9.73923617621486,9.282120351097046,4.273067661858699,6.518871632619874,1.053465006879275,1.930618900889035,3.262187718770597,8.033126013454442,6.481092346336979,7.205829094742247,8.804577636698166,9.258670881869426,1.8177241422409363,4.640827007250077,5.86735480121269,0.549362118395138,7.269744025198913,9.653570086111802,7.742430258708476,4.39538204706256,0.08731022136585609,9.432057564922228,8
4.330940978762968,7.489352966956547,5.682066788587072,4.13061817110433,0.677214800809407,6.870868766153987,8.932180311451967,8.945084911113689,3.52586711993945,3.861937379451753,8.833240919399488,1.3778809693739569,1.8538223117110386,9.573815119931364,9.218036218058785,6.366993280261498,4.543658151133082,8.815227200646994,9.635981346493972,7.556641618366511,0.061330928747032054,9.439578626546819,2.5041921565176652,5.057364748693729,1.3497185475520534,6.186402890092658,4.935599448660861,5.151200779699385,4.3846429306536185,3.606930247266946,4.168576842999876,8.317658868536922,4.6238363023448334,7.653594391110032,0.8827102826637834,5.292555019775518,1.0334971062716303,7.877194455099862,8.20334498137667,5.002865808635331,1.1385545232291883,9.278597040064625,7.870454257799291,1.999045020082384,3.81583158026079,1.8507992784397909,8.15075795648053,1.2271460770234022,0.37219698593846995,2.198407647859819,4
0.6342427043211241,6.260622603165752,9.088907043339113,3.090007866500031,5.267233957709618,1.549900163644562,3.1136541873102375,6.643479995087378,1.0479830245453514,2.3565239776331004,0.970167755546274,4.297818193596611,4.645249018724708,4.142195393709441,1.3537831246357102,3.3482106877280557,8.064706542338362,5.896235059631647,7.714221215023393,3.2554365029803445,0.48000944998712547,3.719254554422765,4.62021618370732,7.777494044457281,7.9684445327061155,2.6042520185563434,0.2599258886455724,1.7927236802087398,9.608950112261795,2.2402071916080226,6.602154342296465,1.5297381860413595,6.262405360270478,2.8984464442302804,7.259557383514493,3.3016223135548284,0.5580421889573983,1.3385894213895133,0.9271131689959966,5.435496471740546,5.7675151840376255,3.355009802367789,6.7429019451780245,8.243093419023849,1.4832384754400973,3.333115177082081,8.81776311975734,1.7772177949328993,6.171721811388106,6.483885339896518,0
8.204668032294212,9.435989113960721,4.340585427182031,2.6522816261688975,7.12578852404449,8.713679308185968,0.5793211246827801,8.738968342131416,2.9722312315688413,2.420301764446642,8.914035302233685,2.56067210192806,9.961586451156698,2.59081842581954,5.823808791297676,1.8947488919309685,4.236823650373434,1.805432560993142,0.4090105808556477,3.2681214667999336,7.266739533459332,2.4054923145246665,8.934644042742356,9.994806904235165,2.731752111854572,6.408724354548826,5.627337535986304,9.783177125461442,0.18972915535779733,6.333019996873893,6.713573821130093,1.4778505666048924,8.088049349500823,6.206697054569733,8.74921908463159,2.995706190792525,2.5509877557440763,0.6488227426584936,4.982856257141545,8.849627572568327,9.295661831196732,7.849210885807732,8.595681791764907,1.2116185779730504,0.48206525638663456,2.459905888264595,4.268495580597479,3.6017927398091034,6.124913954350064,5.31020015348031,4
3.9415151977725515,4.140810960898921,5.048496236887889,2.3191606580937707,6.6137172553641035,6.079071458023822,0.2311223888131564,4.999755411693288,2.544791805490206,4.056719145113456,9.519009048661049,1.1489355341553942,1.2987164774721938,8.146418485249011,4.821469254761067,5.210082620461508,1.0089096545076037,8.662495490582254,2.3647720277856896,7.598223081939759,0.19296273137757503,7.022332155705168,4.68227586079604,2.074225518932561,1.9857877220669884,9.076370480243042,5.3033302043272235,7.44180033192144,4.675734696963106,3.547634322391895,6.874796979838807,9.58309106182891,5.89764517012537,6.391122423522123,8.613196217536796,4.709415187539853,7.893225557589893,1.8903353702595749,0.7356815571678998,0.8380507098055889,7.929913151372934,6.70934451842615,9.264148689928627,1.492518105581675,2.77837452996359,2.802308282777414,2.6702286564280198,7.825649591440127,7.5915899101322415,6.305565283538568,3
2.808544423947359,3.1544115173970555,2.4841002475046645,8.496750396335047,5.25282472450465,4.844902634485708,0.35452511810441956,6.024927553993569,7.09820175753709,4.319629319928511,0.48085129402444804,4.364525791578241,3.139272779779718,7.1725378524454015,1.1591288958326063,6.002087488020996,2.235659167790703,3.6401020393129526,5.602524278275553,3.8662506890026838,7.161025544637544,8.451396378123452,9.230698377458946,7.686836279706486,3.285895975007802,7.942118726628111,2.850155350662684,8.541902832662391,8.771986571960532,7.77024363047505,8.346960788010875,8.649960678304671,8.757832213653025,7.307993279571009,2.950245539905758,8.206189758734512,9.951116865768162,7.018097442061173,4.317822419983228,7.443176270462311,5.86833502018375,3.502046859779797,7.936018045531471,8.238844408444562,2.948824471718824,0.7303398897444779,1.648067122982696,6.879819605816477,9.022941420443683,2.92559779554856,6
5.809784061364828,0.48773648557606464,4.753545764554083,8.672393846878565,4.677397789550943,7.783212181723674,0.06761625655705594,2.3899320116834355,9.101939819470676,1.359062159228538,5.263315354477842,6.559395778477175,8.248334138906348,0.6638797213696745,0.8256150985682464,6.952575551440207,0.02298464167958869,5.175195336409661,1.661789476715727,8.814092341764754,2.345369647075576,1.1200224310742368,9.753380992605528,1.3024075044772565,4.472277666351045,6.806858365479176,2.0257431586202124,1.7107059882898523,1.6303858797182758,7.233947515072573,4.895394402463818,3.8638385982714407,6.621746953396021,3.854860459916244,6.243811153660518,0.5781742076759722,6.141750973161837,1.7250904290382285,6.873989132967321,9.813299561934121,6.974156133575011,4.198883232220281,4.54827318469021,9.511814358252312,6.481606270645459,2.07938252552601,6.174755511889889,2.2667212355177604,7.635334785424125,4.445423457554993,10
6.725291774746102,6.834582423533511,3.5883531372570387,1.2382367089670743,4.078272608775588,5.115883843654224,5.113920515117922,8.182545411506258,2.3545244477526337,0.5316113686995672,3.2944425076175134,4.669111854363926,9.605336811897438,4.145578520504975,8.310723317630526,2.498179036981151,4.836866263619255,3.6490727930187807,5.656812463951166,9.120314128509062,0.7627465401238542,1.9027188626774771,3.877176728264761,1.0452406274863701,3.1990089393633756,4.080138016100181,7.531741861338409,7.514614419980359,0.5155474373125168,5.3830559144537595,3.069927527619422,0.12953123369303543,7.520228595320119,6.646595644198294,4.127982101865372,1.0407348601865962,0.4844661731160649,1.5249501536994692,1.0951141759704008,9.33248244395397,2.21030353023557,5.885104973172076,9.658789669569178,2.948029214895106,5.5852507503698545,7.905539205564121,4.030713058725278,0.46805836324411043,5.23842464695238,7.15366097721059,3
2.3959272013304056,4.2572243415499935,6.430819095728296,7.132564967438357,7.359735890537373,9.03701279600255,6.91863748266945,8.06437961893104,5.831528871568019,0.09064266893602513,3.5617737067982236,0.5194016252944611,7.097834158787764,5.096554211366193,9.946039310092711,4.584484754098649,3.1907554524930806,6.788171506950755,3.544022169953199,0.26923112451979425,8.741506999265189,1.6106674756376604,0.5164268129444904,4.680611242373137,2.1416644461285883,4.026415779944349,5.502124918719158,1.706118092556319,7.424990826717016,3.3475097169159183,3.6338985233808705,1.768771914111048,6.226046177021676,0.5659065499237304,4.086090549559941,7.003015681538387,8.203190375365134,3.1214759291689442,2.6807277249827854,0.4559828400785326,0.6853431025460843,3.195692507309934,1.444548331216523,1.6215310420315543,3.789167047501174,6.587533206374675,9.859856531324152,0.9092521697712108,5.305600708819471,4.649260893185262,6
4.631099852821793,0.4089006861593647,8.651203676287588,8.765268068262554,7.477243037535177,4.477486228176343,4.083658006287657,9.692650617155131,4.1710253095809655,2.5557059734847263,0.3388073786399515,8.802350166950509,5.734877456212535,2.000297894414469,9.340040359827833,3.6656267569990844,0.6312389708560318,9.824455716419362,1.2110483286715557,4.199002065373623,0.16186083384797767,6.907361307123764,2.221564311368364,6.47851989220139,8.135526946001871,3.280096592811769,6.426777618768444,2.635004635982278,4.854911153265088,6.460217549447553,2.6346891528839054,1.7439289356758092,3.015683575801782,9.23807715191319,5.46791062541182,5.324817057059389,2.6042570579419677,1.349207021354616,6.440398164252288,1.0126889012964158,0.5653805020923552,3.7881513003736433,2.2584135243648493,1.6370829940418696,2.4057755774097336,2.240795793371314,5.90784262415796,2.473216830139288,9.185592040112633,1.4355595160779344,5
4.144536754527835,0.9179143402694179,2.438662144600441,7.553480705639158,9.859792796956464,6.406531693443101,2.961917821302978,4.846275112683762,9.563486708387273,4.76740548641724,8.89835662210122,9.301940580049017,4.088852783853657,3.4241850457351886,0.2055732510053465,6.090344793841043,8.366120242982204,4.722872438995333,6.774914764744883,9.342222763362763,6.2613387110047185,8.496233235365263,1.8620343759464408,2.8263447821113994,2.8441994025584236,1.600371878997655,6.946623948572216,3.3936935649753144,3.235497664750564,4.235988716190779,6.099817869422569,8.41292288751969,3.6605183902166107,6.401868930813444,4.982102506070033,7.499195106708825,1.7833683455421423,9.92827581848166,9.696838147705515,4.014850940198097,3.3845522541950035,2.4472767102989037,2.3860875204460807,5.998922802350939,2.8242367907313346,9.157391456924648,6.756755005485515,0.007261562535497701,7.2859576731291495,2.2086269716895304,0
2.6361351610218122,4.890128116584419,2.642745371621439,4.234664068048371,0.015695594093995124,2.916239176495077,5.980175965857912,6.704633699102218,5.855580899721305,9.382503979449222,7.901853674813733,6.98284337937594,9.993941568238931,3.321735243458259,8.654362648900754,3.9182696824593357,0.497568376069738,1.9034246420436207,2.5690780030785767,6.1399413350259655,8.784432940825637,5.532783544615329,1.9747240690298307,9.791928994764769,5.839788198289981,7.884212700256641,5.919122166359916,1.029916650599797,7.636338385315891,2.1419670902061085,3.5616537504800627,3.728051892677681,3.685431474675517,6.739025500869875,2.7740438943135084,2.5746336310750095,8.751651006279484,8.042618277503195,2.214943675702703,7.341700261744782,0.34172950942776614,1.5354163022420075,8.914808928824874,0.7797029155210577,4.389351939566235,1.7921992936274678,8.218389945365756,0.6388067987301638,4.949621381895768,2.318920435120264,2
4.234283836486295,7.52027324973536,9.276363057386765,8.522670163004447,3.6646749655472775,6.298621995234194,6.270327904078536,5.135095020648262,9.125519594198666,0.6328033732404359,3.8980009106612066,8.126918507710249,1.941879466446993,5.596581563643721,3.9225843826051463,0.953911298216551,6.444780464615006,6.959675500670333,6.850461448505396,0.9369941196810427,7.840320610528958,0.06388761694261169,0.5263202442724257,1.4204093898162806,3.6822090488464987,2.7861997359040522,5.083402713586001,9.796784317068793,6.454566321724492,9.706632126882246,1.191584196320129,8.027039359770685,8.75144555380253,5.962873295715244,4.863136388791872,9.222498197449612,1.3418025735048,7.209436350084117,5.8771405320765755,9.07376171846288,4.247704678271603,0.8423912150770974,0.32283171572294433,4.121256640861047,5.498449037540498,3.3715329798727565,0.19461279364364814,3.7059127080862018,9.140128034632168,3.2495861253906524,5
8.886453664403925,7.934234153584979,8.590087780680907,7.738642366008107,5.971678702309133,9.572823966167713,0.31592553447022276,7.456944667130414,7.420902876279535,3.723565504391236,9.319632313681161,0.9796964881292425,4.839896404740957,9.443527066715008,6.495178686453169,8.707532299382411,2.84286540561838,5.270103585967646,2.498865985177673,5.80800618686132,6.310955536251076,0.0967103408634884,3.969385654066606,0.7057077456349081,7.039758940964909,0.5724334005407139,5.800587321092557,6.765604283767849,3.160617269466325,4.862241205971491,0.5817634463359689,7.019347277402749,3.7322385036592154,4.423634500705894,0.0761871463364161,8.065511003065968,2.4463229778448694,5.654155816382013,5.526332444779109,5.562757670803425,6.264311129438567,2.968655535990068,3.9263398999967123,2.496397812655088,9.62714832526377,5.950733945916024,4.41388773027755,7.927421373802562,4.37072758778436,7.830555471988985,7
0.291262885922412,9.269247333792917,6.312290140451826,1.629433537639322,6.904209301503627,9.607540296875555,9.684948732929398,8.154863982597718,2.808472751827966,4.028159736974342,6.133542790405338,8.491861213687312,0.23722748979427166,0.3303317420870011,0.4717674683110762,3.308947095447502,9.309023326115533,8.891989365416503,4.768636544980078,1.6007908517368308,6.200386011747327,5.8994167901189805,7.3656697814122305,3.7623114808180267,3.3650157727021526,8.936150660637354,0.5435429685792503,9.097751611330812,2.2833737642018894,8.227651751964526,1.4800105773631123,2.486360931452599,5.052092812042458,0.6120113740352429,3.221838416307042,1.3170334064735123,6.510439971063882,2.809904278444292,8.62256479590252,0.39219778964485696,7.539213219474815,0.19982827682919702,0.3641647907824308,3.1443776845835814,3.977247357765512,1.093000880577737,6.363855617790877,5.784691226488151,9.41875032909149,3.362488073507385,5
4.239428425486828,5.6496431250692005,0.5598020270773896,4.061039324704312,4.991718228188805,9.09452898796961,9.50856250780449,3.8848902780208805,9.893247575672541,0.9137560068606254,2.0620737504899758,1.983931122550343,4.887770655602203,4.895171036109543,7.135792066975473,9.799905274347632,4.525275493783013,5.954491649438181,8.494404381322543,9.720665882764507,4.862752990436015,9.188280098672937,7.135722321391118,4.067302270875545,4.608415385214906,9.899922256207097,7.34339259317708,2.822355330715424,9.20802330133103,3.7479902974526347,5.572294625770232,5.83964236737963,8.016630189101095,7.730388216658955,9.565081528112025,9.34409798732467,3.909424162816393,2.3061815494310967,8.707795616533382,9.159605525790065,2.0372430971818636,4.923421303470954,5.950542596829889,5.855941902135023,8.281163912372657,9.443362237694993,5.765886122186891,8.86103009215703,6.37888236022483,8.240735816438452,5
2.510929999265291,1.5508216646269746,7.419163233297299,2.145291922789332,0.8998562810721789,7.913991720601765,4.1458091372550046,3.5741657230934454,2.966788425398393,3.1438086124464615,6.186710349678261,5.219087689140314,1.114394701548651,6.308687586974813,2.555590283734761,2.498318128019453,7.113614913529485,9.838873733213225,4.2692841712527185,2.9213374212602696,8.17278245330673,5.004668408172065,1.5193008815255638,4.4501636549992245,2.5245132936675185,9.486155487247402,4.293624099540003,8.366143224975357,5.347488498969728,2.9172393213121737,9.480574230262926,8.185829440569975,6.137038983514067,7.631221792765425,4.072418583931751,6.344901740168933,1.1317615021684613,1.9990144161348644,4.827954689117372,0.720107065948743,8.165445036690922,1.119799394586204,6.750560197356277,2.167977664640668,1.1633866599319431,9.353435318280066,9.897052102018,3.2210803667226284,9.099143163802436,9.03558212636108,3
6.748830875104193,0.9634079858532019,8.705541886254327,2.4044025917081813,6.30899575513555,1.5694011480243086,3.8291478054315595,4.949554421552893,0.7897126346946393,9.129537694824215,0.875503704733992,0.013340983125963435,6.839611207083021,5.923609125844162,4.509800882744333,0.9015268081778005,9.182171248070262,7.149479403465882,8.211692855986941,8.673532168065876,0.7260975208512799,7.503368025921301,4.298037974559485,7.0546980037267115,6.196882604475864,2.6929270069446143,4.64283914097004,7.198536239766939,7.476054204525232,4.237785745665851,2.4932925466898768,4.467334515698286,4.019740839246333,5.3476920979674745,1.899691924017124,5.561536857979052,3.9173444595315154,0.4568537045235921,6.376190183234175,6.742309351897462,6.860311118950117,7.268760510316659,9.833833764649842,8.575767324273539,2.0221534002726225,4.131184623499152,9.171690211029626,0.8713546649550319,2.1454342756399036,3.8246182455583213,4
2.319044087847104,6.015528271780703,2.7471451784085588,9.01197441158393,4.757119505910101,0.2291849032476545,0.5161511108896022,2.1318810396464425,6.762007262384485,3.777419411474343,1.7738164511542875,6.564457657409315,0.9783022143739162,2.847612436307739,8.099875417273678,5.359114800662984,7.388755510858552,1.28624546833348,3.3762171168887067,7.5621355040448135,8.926583360892081,1.9197256231548598,8.135281569692483,1.1931708627105952,5.503399865337135,6.45798872068796,0.06331147367975798,8.082405830027561,6.070386955703544,8.163945088753156,8.009299813698732,0.9818144611376645,8.86559251010867,3.5724683145320792,0.4333787788392529,7.331875924489334,0.243427935490238,5.524601998110398,0.8420624909743402,6.23427932096972,1.7385851324383417,7.882541507160255,4.545742816090904,2.363655386860235,9.796595683473072,9.351836455424792,1.7732953510669514,6.7613136175357855,2.482830520014333,4.9997574186758555,7
6.0696434989588415,1.812395942929308,1.8227102787487315,1.673390902171804,3.8688557244921498,9.890442146641988,4.648247221144432,9.48301863812186,4.950526357981606,5.218566983697047,9.017582763902615,5.5951877801550784,1.2525279739338313,5.911409881462474,6.835599365263448,2.216297301771082,5.058427056710305,9.247175308412128,8.209174891165278,8.786108441701348,4.860686829358362,4.25860417650053,2.9692420780984765,2.406958215112337,4.423592876839271,8.021134085114722,1.0133567372345675,5.895294390204344,4.246397675385442,9.089943523116604,9.014668710551003,6.88463048875235,6.667206937000839,2.41315558291416,6.796038740858368,4.573956155369025,2.442452217685951,3.9865950869085562,5.110034429154121,6.332360251961125,4.097807271461687,2.3621880630692327,9.783574834223035,5.56077058813626,4.879595566318361,8.166985499084161,8.017118800875037,8.107526493810495,6.282128128906946,7.9177119388677,0
3.0621527280700436,3.7714579069506406,5.8895794774187715,7.704154621229956,9.325562724031313,0.19599984748288501,0.21696535684632146,6.3549702040186995,2.0385962621871023,4.2870457130389035,3.681526692392457,2.2412465717930297,5.6875809240284845,5.490853219433205,4.19088846891,4.152810584979672,5.680360014527242,3.38182140027256,1.2025146457619496,7.0053482677427015,0.5712139673458683,6.467305943867937,6.085288793389701,9.660650188652152,5.212669109578471,9.799613926779694,0.4603763340125755,2.977778850135089,7.518933384116511,2.0689204449593213,0.8648958962013442,5.472877498050935,4.5563339942819505,6.642672571912081,3.6657718561166974,5.4522832892470365,5.222929425007705,8.548052397815386,7.590425052916449,3.272724805836813,6.118622344798515,6.8603934866315095,7.565162000766833,2.2281037403038537,9.854609243250875,3.5517532685837727,7.476581832379927,0.006405094804089462,3.2741058346828202,4.195896383620513,0
9.322489333147931,1.3605494403517615,3.9034943544830893,2.2514179619928996,3.5749257897675046,9.143174545812052,3.779407506698865,3.9849435349658413,4.043140964094524,1.550672944733017,7.844033366263007,0.24212977813282355,5.089338989556112,8.308169551406118,6.288331958140598,1.5366707375575617,0.16643161180826538,3.821408602434899,9.061157448674122,4.29518717518223,0.2002129057123525,1.899754446192189,1.034099765559685,1.000983941838004,9.086442943804293,7.5576209892764235,3.173328230904046,6.455880569086949,4.0538066723129145,0.43408592078462593,8.210706043199275,3.576028076071137,9.185539163008325,9.74248101364458,6.295309206008114,9.673646720448398,3.5974307177157803,5.349268654790887,5.819616896233687,8.895967591252864,7.683356746084035,9.037407055859829,0.229978726286858,5.862936446215869,2.0221135299653694,7.223272542119815,3.978307172773614,9.687260442689139,0.748914564326002,4.595745915427098,0
3.530293231714705,2.527595163117736,3.3006586655323336,4.070615859490147,6.6220456642664836,0.6416463679596685,6.869176280819547,2.585064870411047,1.1643788100587116,5.00894558830436,9.454168599850455,8.52620603525072,3.926300766507701,1.211421196867608,8.596894080806075,0.9349467202306216,4.6711427870333475,9.151156006486111,0.535564136154254,3.71698068303711,5.2142827560685925,2.6314346879037345,1.5994059747039913,6.588684387144436,8.946901999002371,9.229547884297668,4.558142510067737,1.3845077889450863,6.377410162142361,5.464518776495434,7.628262648339517,5.125386470073153,2.171069902945951,7.484072729936577,2.370086911071849,9.582730902082412,2.76941115265553,0.8875873834865866,8.9260884195047,1.2821653531743271,8.42216559823898,8.127385955796345,1.7647062215611131,0.7672175730672526,4.539880019163221,3.958046121233326,8.815097593184678,7.716154483350067,9.993661018981891,9.585163666209812,3
9.887838980462025,7.288154732477178,7.764314748801969,5.281282942129476,6.1386438746615895,3.9331796328845536,0.9059731235452007,0.2451559885215282,8.87338753594099,5.24617194899916,4.445104081354163,1.2331791769507772,0.6315029207742251,0.7455059568117073,9.87687807190645,5.867253882717531,0.6009488866905577,8.681773238411875,9.49284383224774,1.9639744443220242,3.84466635155045,3.3062077963914893,0.872209780782276,6.4217152480565876,2.7967671748041187,7.998876640523214,5.968047241683898,8.505154001701802,8.31501739141999,2.8519301156029853,9.154132897447315,6.124851815700706,6.735168038430553,5.52220603983492,1.0179867108084006,6.537447589118139,2.006458047043566,8.892011797825083,2.6134645080693986,4.8260327003536005,9.520942981679891,7.0173290160835045,3.064242316073299,6.666095595658572,4.818652449294873,1.4640956966132512,6.702127169568646,8.58767555231908,9.06579656427531,7.23159688812363,4
5.043970521579394,5.58173554884947,2.2484136178273193,8.033658552242466,5.408962233087543,6.840157890156463,8.990602355654802,4.904699613367942,3.399493154193085,8.866424300086553,1.2708072370223478,2.4935339559870098,9.378776433337864,8.915946318902158,9.729942311705434,5.080471065963548,5.264042666971775,8.775208784040412,0.7481510620705911,6.5904981864567205,2.7289061479814403,6.720377487472207,3.0610118336792205,1.234258076612098,6.239684872927689,1.4387589960777192,5.969205917201933,0.780655301309614,8.259860111840625,4.072974312575734,1.4718993673236058,5.048725533073991,0.7932649928480495,9.601395719805744,6.338989991667633,2.719260024444238,9.168003321707985,8.706237807591492,0.7784024939141332,4.1898016871074955,8.484607626443566,5.101765474946278,3.0833310404045355,1.3652423096726574,6.114330888624512,8.253913937436044,6.896094607475271,6.94489835246678,0.1884286295079618,6.074255764076829,9
0.8510302856552632,8.79691388363451,5.584020624115888,2.867570612939878,3.6370119041218283,3.506653432959176,4.260879148265153,1.013221012174701,9.179578397638652,4.6458396800378585,2.063895990408371,4.052109462252448,7.950781531031787,3.9381824826171794,1.9249440785662875,5.4612864467366755,3.1321123226293324,2.9542582745507895,5.55957351377239,1.2074342831319662,2.3598222678601277,9.842873795433682,9.959632889861206,3.479668169596298,5.929031821767271,8.042824938973347,6.861975228289914,4.875057540664321,4.921701521142121,9.506182356811793,2.160560267537491,9.956976115283588,3.983897940434744,9.000105826079835,4.623242289432794,9.200487534439825,7.771255488279786,5.12158898408456,6.290130917324243,2.9675880758240005,1.8103269208616168,7.325035608996976,8.89125798222476,6.451149806785466,4.351253500778823,0.5410192270226055,2.4126446535917467,6.1383370924254415,8.488159471850892,0.2586215140359893,6
3.305459449124867,9.080562726529566,6.833857745478696,7.774458071940902,9.64856672084286,7.025706720963925,7.526907613182054,8.252851884929772,8.43771916838844,9.577361535493152,2.512857105518147,3.716359556665192,5.3642758168368,3.908030757205095,6.684974305470934,2.6328112284511898,4.107572352112121,2.6145976926389602,2.181817360665279,3.5118772429353085,6.626068203939656,5.2981824054974584,7.517758438273483,5.882597868706787,3.097822622338021,2.0797511144602887,5.456726709147506,8.150424771712606,6.593602517304999,7.595770685682232,8.386441370940132,9.718705035447515,1.8316792967166262,2.3732020089205133,4.251137098466476,9.818447066495466,9.065652197508484,3.3227537114589554,4.565282041804767,6.8855121798419265,0.11509272652806324,9.204852159224998,3.4960777028832837,2.7325670588162176,9.195253028405904,6.614230973345633,9.692045840032169,2.0056817320021683,2.748392127255541,8.55154166032973,5
1.8298611625952532,6.9970154460391,3.188935265250925,0.377599378722121,4.885840024019364,5.163499489760772,2.5462138933012746,6.119440965129385,4.956192756160731,0.4652330552218076,7.356613090486874,5.975391375904567,0.3770936598054775,4.649269203330727,1.34386749459537,2.8135204258693336,3.6615998707018047,1.9345311068596482,1.0411676161393324,0.3524234406393223,5.457526758825152,5.876542538454132,4.535819148611141,8.414416340306662,9.563142638094513,2.6309283764218905,6.869669947938642,1.3965093410076568,6.274242231344166,6.34756264169154,8.426061521557273,7.069209161427813,5.832839551091459,0.5681407273959072,4.408387894666584,3.3924331913084735,7.356266631177491,9.166824236687031,7.034885224057902,8.873043876744402,4.772585216186861,4.0290560872742205,2.580515757177616,8.160130536244987,3.400101560432228,5.512519739138303,3.096793882498672,9.286137187773024,6.988353467064235,3.4726722560860255,6
8.53493905299858,5.609329791934479,8.729977120946796,7.689085342243162,1.7295810550801194,6.306696735071242,4.893705663908268,2.5301482535894126,9.90650349166513,7.677293122136746,6.334679965014869,5.139609099248192,7.489037729992257,4.151952256835169,1.6896927370451065,2.0203171559541855,7.3335890290207075,0.18115883747350847,6.323498440645361,3.1599859499278846,3.11443117962781,8.037711770379172,0.9527667323446154,2.7882116648985464,3.4192219443251313,9.58878896612316,3.31071947653641,7.383094465653866,5.357731052085955,4.923808114660321,5.764484330173002,1.3479074645792954,8.101700280301673,0.05259985634104125,4.636490691062223,0.21242923786997103,8.243950854694585,2.6057261312083204,6.276815256686419,9.416148320659763,5.059965774614095,1.268299113046254,5.6852089774866705,4.662031222104658,1.7685599416079345,4.397308988589471,1.893156957405494,0.1908943193508006,4.237510829444045,3.7808513118374334,5
1.0899617915519966,3.6196628426120405,5.322548224514051,1.6293305443380712,9.223520617129337,3.402589706068645,7.757943338845196,9.717406399267025,8.944738627369384,2.00805308965331,2.297610656964083,5.25005104604686,9.989435054501186,6.069801730337776,5.040057695253038,7.081194232217795,3.2540918743910563,2.9350401879554697,6.2973623957647735,6.4653416866300395,8.572006532875207,0.8192665248302056,2.7043229721397055,9.317881067649902,8.167661681031612,3.166976742738451,2.7283779881620775,1.1476964194214423,9.690434896608375,3.2099971027792895,7.365756150518681,9.164489539591864,6.75165078132048,5.320269222466038,3.391041626397798,3.279631417821409,0.9690513363890185,7.8281725833877225,7.932637802131705,6.603236762735673,6.742800280414633,9.393525701913019,4.000358606270518,5.791937135162149,0.24910935020422076,0.3372844091196314,1.1261057295063748,0.9209119235445173,2.517789981077488,0.20518982120105722,0
5.371174343939132,4.174344267977363,3.8524171589354372,3.095774549520601,6.539149893442753,1.380677152371691,1.276134311218191,7.417976573815639,0.02454471567125527,9.421357175554514,7.249593045535003,3.6141489829925657,0.608389950974012,8.943021909278396,0.196792049620107,7.237780797431536,1.6956318604735965,4.179517290630727,9.227599478061252,1.5551142947669094,4.0533855181883975,7.449935017633934,1.0220396593219483,0.052668661091815894,7.066950868545535,2.977133309624312,6.658019046471403,9.538640660370017,0.6095106935234917,3.516842721956228,0.8416097846462522,5.2701430000231,0.3127780908291433,8.797743511524494,9.457714245220675,0.7912768638415768,7.226657748060709,6.390048034048402,3.3741081242344007,7.05847461355571,4.895062577265879,0.8447184612256864,1.7112682246864719,1.58107915634344,4.085104405082477,4.982078878337307,0.8261532890784373,0.5539956188672246,0.6973361841283099,9.968992231258932,3
4.4109066202272365,2.0199981640181774,0.3166845902574267,4.538408545305232,0.42388559121791847,5.885801066185254,5.237960772264599,3.1203734729081734,2.043464338778719,7.806440104364016,7.426815319918657,5.763382177623973,8.140605661519697,6.7808432309442415,0.4414423857466143,3.204432260208765,3.995350676895091,6.81337857721839,6.8467167453085676,3.622026014428031,1.5876463025010656,5.065281364579946,7.790957569885747,7.512879740638695,1.0304721364421554,3.782036407298246,8.598423515986443,1.4909602880728934,7.437419421525126,6.997381772284124,2.0950417366100327,1.142314899398681,3.724309671967352,7.37122621111207,5.745320379538562,1.0143291070306792,7.216497920884377,9.842619752708977,4.796254746710048,0.6376887789243224,0.19974752814407637,3.432900485332626,4.286383156672634,2.9936645244389126,5.684046460313289,1.9547831066254284,1.33246313905933,5.796642322000736,2.4790120498695654,9.090850743719333,6
8.789576890948375,6.2948613990910545,0.7343460129277202,4.515069283211206,7.720221953084931,7.467420001035562,4.3702640820902,2.971025099005585,0.163891679531305,6.957369689103654,2.4949855557967595,8.465946120132704,0.09836931526221893,1.4062702975046915,3.4890157228813576,1.4490613391283358,5.951404747015921,7.130581900134302,5.25522474676864,2.55673356763059,6.681195830449291,7.3645730489597945,3.932549776741925,1.3890660672553556,0.8169945529679079,5.03388308727072,8.0590977066226,1.13491993374074,5.765702731791899,6.163176932598379,1.908992646467217,6.457051799362535,5.244007134379124,1.4659858054684416,1.3440477330949985,9.635820442690305,4.163453372308505,4.472019886173998,4.564410498083267,9.237017310517531,7.334892376515984,9.187885637309178,9.110705931795382,8.106499764819707,3.583545486853091,4.500202039175132,4.163484292885672,8.82925050619389,8.81697059167606,8.233209852073049,3
6.331509422971547,8.840065026011349,3.138875579410918,8.05397917848792,1.063906980085948,5.962168503165652,4.419140206761286,2.0246614589580902,3.1805376700611996,1.4124176334304106,2.039022587673447,1.8117510555317862,1.675424597897398,8.150584029461811,3.3929093870349583,0.9308521517520263,3.5971893786637676,6.005629085503747,3.843887017575475,1.541443177770777,7.509314952420283,6.274440963975556,9.670764252949542,3.8507078040930063,8.393310131561062,8.709078388861615,3.677412772423776,9.02029154030734,7.588789494656164,0.01684067342627049,8.83920055995167,9.638047671109852,8.939559875816872,9.76507434691283,7.947331957829143,8.973296271949728,6.616655665770628,2.134895416985265,2.5764356377140727,8.556119597640295,3.8804882773103833,3.6093446784935903,8.480245295857223,3.987331568676119,4.542452419785344,2.3712004774441073,6.441410448505465,8.97243718613536,8.579789451120917,9.012498318321502,4
7.76867601829022,2.2031236384426203,3.0805249618820274,5.215221373840178,7.016455023648547,2.708411282371638,4.879002515107171,2.9924295043971916,5.6073667649363,7.559929097842101,0.3095127527213326,4.150561712549282,5.428962417409872,5.193469190538055,1.259245093784479,7.340182623434005,5.7783047349931715,6.256977914267083,1.859289766278659,4.056346612449127,3.0146620669558963,8.383276090566408,0.12697431731420017,6.620222568864191,0.7380640234650437,7.561605721748197,3.354062158822362,5.595827277180321,1.3879619937018028,0.3444486527700008,3.3047331666725963,1.7561360105496115,6.900254491481825,8.565606504196209,5.7783769276388295,8.04696590152136,1.7075257116192888,5.160378529164466,3.2820239503681012,3.573545553360452,6.997582730316464,1.0048587452911983,2.667143853251688,9.25440408089577,5.620973203601892,8.558284361110157,4.415735494072226,1.554323890761251,5.059885014915083,1.3708607203378753,9
9.198440845160114,9.136603357808427,5.721394780841295,2.942621361892812,7.501990661945866,9.621540945266641,5.38359827437178,6.29485284388641,5.934453718313737,4.058056538832846,8.640823305750148,8.789101244450624,8.106281139890154,6.611689773049979,5.691958142222944,9.33402306612715,8.24013706212169,0.7550584931830007,2.275190366215123,6.791602809356768,3.491823825017443,8.057648683795867,1.9293568573210784,8.79601515700436,9.894717961191077,0.17452090349026506,9.472800271742987,0.8208828202214657,3.704099985548215,9.73937209783874,0.24611959834493824,5.461571160429771,5.120832661838239,0.9434967720748366,0.09248692810247094,6.7769543687903155,3.0071758153249073,4.525227529589127,3.8140146506326933,7.622612393713611,3.178340683573512,6.338889479748016,1.1115151837176018,2.4103460278277886,8.617873985981625,5.720723384425148,6.255584826476312,5.050131114927541,2.9576561058752993,8.345720126414752,7
4.822184321984398,4.082956349273298,7.200738805752778,0.7803235193024116,7.620221402372719,1.5379972099150463,5.001189151716439,7.95229061347396,6.0113441898336095,7.659601562994659,1.9437604677278086,3.138844111889888,3.6301220411789084,0.5031211671071523,5.035075555476433,6.017262984684516,4.898829291714754,4.772019734996395,8.48122766271639,1.0147457088614398,0.1403851944763257,2.257871554316374,4.2283991021809175,3.3677769332218666,6.007760177869139,2.078455341231905,6.232227429310359,1.4357831843613278,6.523474853545769,1.5974359159137042,9.984759885729456,3.2305601056044955,6.554713749170036,6.964176834922892,4.145223361949013,6.900767100934776,6.611530899752149,7.967340616684124,2.83363516731997,7.627380485425275,0.9641876976158525,1.4343022331204047,2.433791120372889,4.8404135561865385,0.6803127664323039,6.9959635085371366,5.630450154557421,5.004416453641113,8.467339295887342,4.0899150313515475,9
3.8426359290000702,8.028957923155156,9.69726895361887,6.768823934764007,4.82031067142363,3.514762672636338,9.677116165936626,7.688388409771867,5.08332723814247,9.472312292614287,5.40152040021971,1.013999951454081,4.836519943927957,7.938649669603012,1.9700622008680224,7.920683507748533,0.6661399884435848,1.7947959029830207,7.658027796532717,5.9390205923887995,5.556188431634384,1.5822890724998473,3.404356569377468,4.200597880922522,9.239020154012733,4.343892214188334,5.125508269479832,6.2598280617886735,3.522815304255965,5.325264181881866,3.472372764885845,8.171820719052285,0.8525299345462933,2.7990981978985974,6.278777232565394,2.187194352636107,7.453762890858279,2.535625631534777,0.7968487185285988,3.163282424228865,8.594246837232678,9.514988802652871,8.699874191670451,5.026724864407324,8.3593578601848,3.6212725174095284,7.9859248872803,7.334219863341078,8.917461461299945,1.0827322501424164,7
9.293434212562055,1.75523733445911,0.528538391296296,7.555300218876133,7.844887870683319,1.1207929186325138,0.10122659232298714,7.490265775020406,0.5036316357110981,0.22673485674793215,6.285647957729486,7.038774344580877,1.6290877518658142,2.231435406695966,3.5870253234887937,6.05367911101159,7.221858534734917,0.6496243309271466,6.107453978854993,3.134374559343478,9.492993842740828,0.6209133301242664,3.1953178704227545,1.2152074600116358,5.245810357705264,5.062683631419713,9.187537776020534,8.735238615207427,1.8168310006209187,3.892700046689673,2.2590239307702853,7.205397895397343,2.382657918862998,1.455756403817271,5.948560447848505,4.934144487880476,9.949433646601353,9.89984955149962,2.133491372611105,4.980756182396195,9.305851815247339,4.286817188022106,7.430531646773469,2.663179860533992,3.1263511336348127,8.540322743188472,7.626267082876162,6.758267881638805,1.5634759476344229,5.14295366010886,8
8.21447285921145,1.8313252476499275,7.838156228671429,1.3096239729660708,4.863998650254489,4.7793910063769545,9.25457392068947,0.29521798285728873,5.811913374386274,0.2918444443307766,6.801430416612729,4.587761301555378,7.738406413982509,7.657241823083972,5.674051098008146,8.752381568142894,5.972617563098787,8.907733399946725,5.8802511402900235,9.357323798553898,6.44223083975945,8.907769939673269,7.890512214727384,7.205069163176232,0.2542602751918266,8.99096458038209,8.2914447973899,9.429535963404021,0.14447168514256425,2.2396912865750562,2.9931588218818805,6.013499637230414,2.4446939816391353,0.04741445955335655,7.096208004296919,0.8352140052876722,9.409065258692554,9.925619293934439,1.9079634037614224,2.2981296287796082,2.0317986528704237,9.395498205177336,0.9114678268109322,2.0923658653852018,6.493926118261823,5.003421657206037,7.618817216699788,1.0092867307664921,8.495353956752176,0.6764934638007958,3
6.788205859689148,2.1379707740712997,4.978610489319847,8.380759654836599,7.199099375250472,0.8930965663594048,5.24271290003457,0.7211625645764197,8.439075804390802,3.483305207220485,5.276963886746227,5.068798597779026,6.0755047334741334,1.1669232384103756,6.875505577864864,6.684901157458118,8.673242754714476,8.35991707162801,7.254484664011698,9.558187186167753,2.2644704024429774,3.1764344162868863,3.7931280786510113,5.228058775967048,6.939044863300436,8.633453156240542,1.3436716745436006,7.73048381803569,5.993478953478518,9.732889071632394,3.0955596696184537,4.402752703618583,0.09211347934085734,4.531820907611104,0.34214472779046323,7.827292600041637,6.653743102553502,8.755231554417378,3.7056340210940575,6.81168278183331,1.1413367707017086,2.6634156189575773,5.727292412642216,3.6187065200511235,4.7662402641552255,9.697478261956014,2.801672312220264,8.111703073804225,6.20217353514647,5.074296898508855,10
7.658238029892423,3.366133539710139,9.054635229448971,7.617897606748456,4.79576287944189,1.0998227207615274,4.03580391395221,4.82310965171629,2.864697072990973,5.781073880534583,5.7063187682260175,7.899023704822144,8.226418088878255,6.31292270495114,2.4154888675327726,9.585505382272332,3.947088849781295,9.703558575629195,5.606514697721342,7.254664623578821,9.76844226832052,5.649252922316867,9.448289992653793,0.44798173238534744,2.466046535434625,9.298995020765666,3.0597077642336057,5.667506129438733,8.89273559834841,4.546891460899213,2.76911431867219,4.43421418495519,1.7942429638976576,3.5986851599041927,2.319554524229732,4.881776979013349,8.205560820332616,0.6356837469497556,5.556755918242764,2.0594499125414965,8.81068433898702,9.628544091878203,9.86627632256702,2.331133827855485,0.8572901703107316,5.46743095745509,5.896589834429161,3.6284827045146075,7.682557732237766,0.28620238606868353,5
7.574616322560303,0.9179438922908512,6.455309331593391,2.025754459333926,4.559764135690765,5.222015949946266,8.320025153254065,5.023742367714489,2.589788917595847,3.494539299212369,8.373359502398953,3.903811438613538,9.901416002381934,2.5705817710021153,9.842641305466191,3.4815446543150443,3.632786390067487,7.5178400283344065,0.34693123242991675,6.797063056888129,4.490541089530048,7.551780168925556,0.4442196051660663,8.398204358320353,2.497780129564787,0.9067825788668271,5.9526446762028105,7.796838389245947,1.4380713769656095,1.7331002194571488,7.057613880299294,4.436002647655885,2.350664960038417,9.405100893008001,2.9346804535394133,6.139126538560803,1.304943393220066,5.942648828609003,2.4969182565993786,3.818262307903354,0.8764288178737567,8.591717492102225,2.256277830105071,8.432636651446037,3.5438177093137346,3.4254638694358674,4.492768148102192,5.037401696962675,6.077755416983442,3.720609897848642,7
0.7818396528174232,3.0688954255910597,3.359311792620182,9.810241984302678,5.720679854757704,6.768070412614746,3.604373802541012,0.4126453670092345,4.911114997943194,3.3008821887580444,7.910709834854353,6.80477506975585,3.0916797665520934,8.70566660664861,7.621704294595534,4.980324450231958,6.0182557935047765,6.4876205899098585,7.772595714192282,6.441332880800834,6.898052066948005,8.332724699839961,2.134246009858587,8.237612172328975,7.386973696450305,2.432290737254613,6.396721135089891,2.323542903526027,2.490527400769892,2.9618916326006572,4.764668775966411,1.4452345717033266,9.839703171184235,8.922564246980093,9.751507225742987,9.167175265779381,2.1717482482912462,6.99711622285037,0.4348979115021323,8.874491696504853,5.52847459980018,5.51374271877191,6.202581849734137,1.3441224638831706,8.899682021284727,0.4784481693411935,6.727309875279045,3.813103845784489,8.461932406489064,9.34630199032425,10
6.159581267403937,5.369042881447873,5.930383345074834,6.59462387235836,5.990029292612018,0.771613660136673,4.117250217448914,5.299980521845336,4.664218119221779,1.8234017724511975,7.441314438049825,9.666589365388594,4.146657160111332,6.663500268329917,8.06128023829135,4.535535375102244,7.85996903695532,3.161609463352666,6.132396544462667,9.038553142691008,5.008101909092532,5.3785713463584095,4.875319297385131,4.787063546224156,9.358841798009879,3.6457381284367765,1.0470426684505263,5.621280429000983,8.388919953891737,6.216966355135808,8.388160303300246,3.8988237725920483,0.07922203476762868,7.371153526959414,3.188104214703895,8.669163813582752,8.647191155436754,8.099523334987303,2.920792156300538,7.321542865433353,9.02921879320988,7.335824686189493,3.9800816113200788,0.9754488639488179,7.4157190563802144,3.064219986936605,1.664680859484563,9.870233972318987,0.8797323003004254,1.8331125639503065,5
2.4102871872154363,5.264720670401795,5.1308118099417666,2.3450998516519084,2.876154241872406,4.506355323756961,1.0880616802160625,2.2346886901914464,3.1441030924115267,2.6767340127546415,2.0531729786279973,0.3800780776894064,7.53191946333695,6.042883551082764,6.178412580885654,9.102398196635345,1.6424055772774848,3.2783983340065292,0.545077304988788,0.40204167391383994,9.99341030497255,0.657562557354282,3.815527024837184,3.5464475595535427,4.3107191213321725,5.796816422196869,4.285935145125358,6.676914440549392,3.3189067368618153,3.7490942792411888,7.979901809699571,1.5296319459948693,1.2621281580912902,3.68500828255401,4.9631556195801085,9.736538136897094,0.7459283506416658,6.0733181832275775,7.892725576260769,2.6773850544511846,6.769026432197474,2.288287949199751,7.852604787498344,9.943235862972188,5.398209557389374,4.435628059741058,5.253847278338684,7.830384012521943,0.4425562667463312,8.00106474124707,4
5.474087897481229,7.221445217662927,1.1756712614526066,5.337636628514831,5.192713501464605,0.005055362680640441,9.203458211596104,2.9501891627957324,5.522093021653568,5.878827161003369,9.154838334667822,2.880925721288304,2.2237874352723397,0.2970082395462603,0.2158077652092083,4.275215647834825,4.4419736621518355,6.253175223152473,1.212359515968019,9.65098868696826,9.197359346905653,0.9814773415637013,2.4207505741410715,9.634898536075573,5.252736088775146,9.504996423285842,9.449177817952549,7.742592308685026,1.8938564150887272,2.628238248804297,5.433072635795073,2.1796065436375067,9.896437995330356,2.035576651850052,4.7253873461464995,5.070125359698453,7.643062765385955,5.71376450055245,3.8114560879822825,8.35226521835675,9.422948601091202,0.4056934818681035,8.749845766076369,1.2745849786838004,1.6183473968543716,7.803281474527147,8.78788314815958,3.4717144390558055,4.077322783339933,4.742503787903476,1
3.4794305644174397,5.385383224736934,9.1587607612632,4.602963097815619,1.9275907509612156,5.5700677198026005,4.405824003340788,9.900876799946866,5.85540041394255,3.0405056992167987,8.13376517550758,3.823420520180333,9.46121773758945,6.923910789747092,9.112419805535795,8.94644644478979,7.123619943190091,3.358750217252834,3.987335013966149,8.16293267467575,7.378167558223194,2.375930465047107,3.26209553582534,7.346783652519894,1.0809849583222764,2.7770547906048937,7.807866221798467,1.012269326146552,4.525070649239544,5.492136700762936,3.458917902804266,2.255283744226512,7.116184380060173,6.565204332705537,4.366244854643396,7.88060476938429,2.515639884476537,0.5656451301894516,4.463000945774035,6.392742522235189,2.036175128058767,5.101866650353756,1.5300235314074129,5.9268100405210875,2.2920146230436487,1.0924891438443884,0.8439504111423579,8.222768200946716,6.37398578267164,1.9967363714995146,7
6.337162316991566,4.201005484756774,6.879893709430021,5.781258260064968,7.684204219497382,9.474856121643972,0.941074734891818,0.5283947033206082,9.02595488505613,1.4469974038640065,4.0511978690105455,2.6540538595723717,9.053025641594544,0.861562843555006,4.8299657496675845,9.246030875612673,0.934528234895492,6.770825174691945,7.653131771794456,8.227126785156658,8.8748365507193,5.9402596303864,0.3037454389220329,9.849692516198532,8.001863048592387,5.4025639736862505,6.565201405000386,1.564256888907195,7.8075200246446785,0.013298430038577447,5.526344413494256,9.89044740647191,3.9715730854548226,9.9916675725196,0.12494967441892824,5.179061780586499,6.311057413813952,5.079928732366633,1.4379848417314745,4.446638960173301,1.0857410659151034,9.89449879563679,6.3331985450026345,5.782730044959859,9.00348981888371,9.817255665521321,2.007113703642819,9.632461837305566,8.996420166333857,8.963431659125206,6
0.29861107377797014,8.835028419186905,2.0313267611855315,0.7223617916071778,1.4323727237114214,2.5626919660594716,8.653531399703521,9.622806761772413,8.995529243911594,8.769169746359204,4.5699102889541,5.694755055580868,4.94948959441054,5.594535587546718,5.313445729446559,0.7066239709042865,8.825410061701163,0.1647327364456297,6.659505293012543,2.0258676334395,5.434680237365141,7.611977103346915,5.036712994562662,0.1310612140720735,4.546440268120046,3.8332452896990086,0.9223387335038202,5.367811502500946,4.207693167718727,8.484747101849916,7.46449318256292,2.787005662418327,5.238972543411623,2.5635188841427237,6.720711449078084,5.531507749185364,0.9443450277999388,1.487852749375933,6.034732734212613,1.4733797776296809,8.66165194892341,1.3048692569718734,3.236490674917647,0.9339787878682226,4.58968231951813,2.9076839247920483,6.948452654618258,7.418889449705586,4.980151101948337,7.099717964986376,1
9.550353672948814,6.547044806739365,2.6504002236502346,2.6684277465387307,2.711235758156596,0.18762348214102498,8.168183703680967,4.750006565918015,3.073998908953237,4.7301910218430665,8.298980858989326,3.477288825027769,0.7102673698485495,7.8207471467609775,0.81313511812517,4.200519441613554,6.919627750984393,5.854716899341686,3.528691746790672,5.812770429169314,8.16994918131621,6.374649034702124,2.702552776317492,7.026859093732671,2.1023079917118705,7.159871675180774,4.6879250018210215,1.5982105725496776,4.050096769135667,0.734570723815624,8.754794055538714,5.848816350354341,6.7352270869834685,0.5998118187491885,8.871758735146223,3.3923631980377933,0.2780289553534854,4.702357064192096,6.170610825114085,4.420784436568815,0.8896615721121692,1.8103331743242879,5.566008603554424,4.136826659628083,7.100120981536181,8.209543225718942,9.26022186327151,2.6629661499847024,3.0552940532335446,2.4466819333114076,10
0.8954132197243192,3.439162319635879,1.3082017394245338,5.530149217220974,4.3396047730695475,5.861865182063153,8.864369204954638,4.431236040583798,6.54157468099007,7.297987210972506,3.3795294480674998,9.088426147904494,8.41503465183813,9.103775021301649,4.484924251718669,8.03306775018804,9.645072374901355,4.113732645645217,3.5275379649949388,4.288078938218563,8.279706410219463,8.145708427898562,5.889652321968616,4.148336348442719,3.617308782727301,6.00362539639168,6.250212337140095,2.719516885261677,9.771858007921026,8.232689248873784,4.407239537018883,1.5468847550091613,9.588320923958666,8.062857687284449,9.786735286138978,7.8075505531000555,0.2028090593700349,4.392619545057682,7.107419018097421,8.41724287615674,4.207533123128644,9.628735041862658,7.818534156768092,5.673940596682487,0.579265593522269,6.231984527121739,7.653366141833137,4.866339434512764,4.5524609063214525,5.170541524205299,6
2.6673109580715346,6.085675201256805,4.927949193691179,9.094195924154944,2.089302803249695,1.5010550014215152,2.379895878761631,1.85466635875989,5.41958171439615,2.6238792476808417,2.2149692679270827,2.7665423465905645,5.784107945869835,7.289033914692107,0.5790567268676683,0.9940106378484981,7.374180800464937,2.365887839150508,5.386742910116791,2.6043813403295832,3.1309860737578576,4.225206289369363,2.7594434627734357,2.311912774523214,0.7409341484868615,5.247662440654034,1.1095778768437359,6.593331941727435,4.770086450405415,8.216666839850742,7.135449018842581,8.810602651864196,0.8841735207928825,1.0204797838733082,2.1229158351300494,9.976507929073863,1.486065588903197,5.619268034573105,2.987313726213716,1.4858077721449225,5.357480562589857,6.18161791973438,3.4990371483877447,3.512227907353078,9.87017140035347,5.225344721633424,0.818781673238278,0.25654364667923923,7.759046703315512,8.6375021650835,6
5.51283817627335,0.4846232079286106,7.8403068110161955,8.743422556391,3.227240683175033,8.587488243541427,9.753034920418512,6.031532458871074,6.055758019748087,2.1307828177853105,5.311653605629642,3.579168001963362,4.980825832035719,8.108524325815177,1.300610082681788,8.47191491105949,5.209573893652518,9.77257509995908,3.1112275032647063,5.571410207543366,1.606430040351563,4.839923351182428,1.63220611279158,0.8940970384892766,8.295658887760963,0.764436260032274,6.6257866264152305,2.2232203463532505,9.36289375263777,3.067981722647668,3.395647657869414,7.532133116680128,3.7229348327415925,0.6906155865812746,9.105546370899871,4.382970907629406,2.0350794636505762,9.317436104118492,5.682011746020046,3.0193819894561305,7.046971153375669,0.2453596735608199,2.0070623878778937,3.606399737484728,9.002731921724324,6.35430471665104,7.521187094303952,8.15956916154654,0.41898096431110754,0.04768691480813603,4
8.846256726528749,1.3561981022373049,7.309900224311445,0.3836763487901018,7.006671799461741,8.918219928162438,1.2081933336871709,5.06483349100465,7.6362141527319505,2.766755050328377,8.978970551957309,6.3794383406802,9.817832742185995,7.6054440407735875,6.48597661868666,7.093877784718549,5.952355795625612,4.486140823610513,4.8679223226363355,1.327257875093053,9.271074776308208,7.371766611779677,7.249028067681919,0.8069070815528545,5.314113597480424,7.19045663218118,9.324732228590193,2.01387456318605,1.1717824123528775,0.21409247852077873,6.784364447206461,7.656081801276459,2.9143211644189226,4.021319043119473,4.863632320811365,6.098731304092019,5.68866424125423,9.61812397365131,4.147001150255245,5.770155296312925,5.105920256816311,0.5241545475909615,4.76217184698521,9.94839706695083,3.3406122670505534,0.3097589249680166,9.14988646070829,1.722673130957273,1.179459916236879,8.756380764599616,0
3.8147404645998773,6.504825886660592,8.641833185510299,2.171277345419721,7.010516025490929,0.11877198713344805,2.6178270992484576,1.9361855348695334,7.237543367668716,6.965545884222129,3.5777353613281404,6.437196583247317,1.8343307832484324,9.85313204088172,4.594588199186701,9.426710034643381,4.956653246497437,3.159460753459861,0.7996200863460912,7.567707695389125,5.168175193622414,0.7154375904238375,0.009645265016171578,3.1353480498421638,7.718741080764154,2.156982798785764,7.408281205236262,9.808985189901223,9.344140241110177,8.01244667670576,5.666064664977657,4.406736873637919,4.193179987934869,0.673325785522163,0.4221446343855306,4.839505032992841,6.251822936115255,3.0935682886614235,0.5800270031412325,1.6672391711241086,0.6579592633461895,3.395038801849084,2.3142676875914625,1.895419003956722,8.412599234907113,3.6533052871245575,8.754403392206024,8.862073395717452,4.642434593229876,4.2270348900602075,3
5.538300762360625,6.184537031570228,6.671674204289577,1.6543999704654433,6.39350561017776,4.894445092124337,3.378942448573554,7.042452302740685,9.352193096946888,9.711247073423486,9.034836544647133,8.644092551324414,5.97559286554331,3.137562296142659,1.4747767793094702,2.5098102171544587,2.7991296151139213,0.04076302345693228,5.107978385319713,6.1963610110213585,7.901993549822555,0.2020424429625678,5.193495816988541,8.870951378087552,7.284273514169382,4.702995546670943,1.4509232244777082,3.50662158107622,1.2036469606626377,4.298511288770489,7.305273083930826,1.0485429612650699,0.2935803343567822,7.698293319762196,5.256187188046236,4.562922208896957,0.04943532615150459,8.252486577273743,9.45359469376705,4.707432310952024,1.3106050431609573,7.4771097633505965,5.981465226002126,6.876382801368024,3.8003512750750934,5.03930920578315,0.6489283414426683,3.115694931947046,9.133041095584929,1.861933179402524,9
7.438083720777071,8.291086874560142,7.699866408041194,6.718649867953515,6.54678863239472,5.550513967749911,1.5245486418723542,3.651477356886738,7.155487481224814,8.265406598990978,0.03332618055934433,7.81204415965367,3.793000147427069,9.940690386662647,3.934920356098611,8.527722722499181,9.404869658334661,9.684596003420994,3.030038986230882,1.1730687630405034,1.6208776185935736,8.421039311130805,3.4335211194627826,1.3070004944262459,3.686789464770477,5.950470905569226,3.8271114024551234,5.434076252963324,9.871710994762928,1.593363404226129,7.873341600614988,9.10590415807671,7.731316039410868,4.556085664367839,3.0770916649807054,4.355312165521098,4.076869184165029,1.4831889282856947,6.801019482565956,2.13820241203588,0.4417283415865858,8.501554974523799,9.905380555449504,9.3313252566369,1.506408372552701,6.8453291720461715,1.2209411392267022,0.5719193622772456,5.967624563959658,5.275525261785157,9
6.026528198383213,1.6596461588155165,4.054992877792642,9.958755794373518,3.3003712674626895,5.897059809063149,2.2697978110723005,6.743518531069595,2.0503742283907234,3.4120830971621086,5.750978035630454,3.4159809409643227,1.6366839911148512,7.697544782788568,2.9132207959427703,1.3980486254890434,7.888160453690883,1.2788171245781321,5.599137275951628,9.197232523039343,1.6151869969987254,2.395789834518396,0.3951871407781049,1.0339440342137385,5.080963707593217,5.592333868887192,6.942752862576855,6.107650155231884,5.397005355413204,5.312420928802376,6.729142021974108,9.198356370967383,3.614525318583537,1.625914348220635,8.87418596997723,3.9807312648920012,6.930563501715328,4.953164720848592,3.072997943305481,0.9294540306386856,0.24865952593923213,4.833869660487933,4.954695827330296,4.578334875173365,4.209630525974517,3.8764272212136253,0.7824427751475616,1.2420759321063812,0.476138536603683,6.655614214664272,7
2.2481728759796207,0.17470613053407358,2.242173382241339,9.507130027804681,2.8619831411038357,8.758966368585302,4.373443535834807,0.9023373820683278,3.0781176761303586,8.151644970738543,3.05351842888539,7.089801061428088,1.7778329959587624,2.854600313647061,3.0223828845963565,4.973806971442914,7.661606282527559,2.786273725982449,3.6487228977418584,5.918538550856095,7.79801750312661,3.1356632170665897,1.3364925286226081,2.3885764729344663,2.491194658259741,2.8387709086589186,7.439805030327675,6.155363413525018,3.098885855710175,3.784126081783308,9.412833024415058,6.219337378605121,3.7450027300169184,1.6107703553933728,3.3574677440064593,7.017762749458434,0.5983264061156746,3.393048296858867,1.9380370054249174,0.35005076245123723,8.349904455741795,6.134698863425813,1.1126482911620217,0.20015523464688156,7.426528256877911,5.216428071321822,6.112401313302165,7.81292485972124,9.274211231344013,1.4260704900312449,7
1.0908823788266608,7.298691981552357,7.797134599484706,4.9882242866783555,0.4851205823556559,6.487384383566943,3.953695881909143,6.30217967371363,6.564217795581157,8.969041097233152,7.023185415065203,9.48872871960223,9.935880869595668,3.5222175623155536,8.016839669154663,1.9742700431693117,8.553750280281482,9.224148631866134,2.6397821571690496,8.065251621900067,2.2110258746790445,4.574340222315322,2.584476651674501,8.247906759123252,7.952787390715855,0.0390857551485535,5.229471580521716,4.079892745364257,0.801871983402419,5.123401961820112,1.2249933132868351,9.450536832137544,2.506486798460912,1.594846057713809,8.734758417035088,7.549590008547997,9.098616040199483,0.13953887900116646,4.046727640015022,0.13786151077428754,4.832026116507463,2.9431695825434834,5.083571135041191,0.6810973594900827,2.999540613214781,3.210922509513069,9.037577077927544,9.592665035800438,8.57964921901649,6.89767698764015,0
